datetime,open,high,low,close,volume
2026-03-10T19:00:00+00:00,23795.65,23854.65,23736.64,23769.15,15115
2026-03-10T20:00:00+00:00,23769.15,23793.65,23751.16,23789.91,3577
2026-03-11T00:00:00+00:00,23789.91,23893.1,23789.91,23872.12,1116
2026-03-11T01:00:00+00:00,23872.12,23933.6,23863.85,23911.62,3996
2026-03-11T02:00:00+00:00,23911.62,23937.12,23910.86,23921.86,1897
2026-03-11T03:00:00+00:00,23921.86,23970.6,23918.86,23963.87,1788.2807698801284
2026-03-11T04:00:00+00:00,23963.87,23963.87,23934.85,23938.61,1485.027243979567
2026-03-11T05:00:00+00:00,23938.61,23941.12,23828.86,23828.86,2876
2026-03-11T06:00:00+00:00,23828.86,23847.12,23797.61,23828.61,3078
2026-03-11T07:00:00+00:00,23828.61,23861.61,23695.12,23698.1,8739
2026-03-11T08:00:00+00:00,23698.1,23702.96,23530.940000000002,23564.460000000003,27576
2026-03-11T09:00:00+00:00,23564.460000000003,23576.960000000003,23501.460000000003,23515.440000000002,19217
2026-03-11T10:00:00+00:00,23515.440000000002,23767.960000000003,23506.940000000002,23759.95,15789
2026-03-11T11:00:00+00:00,23759.95,23777.460000000003,23555.940000000002,23601.45,16537
2026-03-11T12:00:00+00:00,23601.45,23662.960000000003,23489.440000000002,23539.95,16838
2026-03-11T13:00:00+00:00,23539.95,23680.95,23537.440000000002,23667.45,22766
2026-03-11T14:00:00+00:00,23667.45,23786.850000000002,23552.940000000002,23697.45,26401
2026-03-11T15:00:00+00:00,23697.45,23703.960000000003,23525.45,23562.45,17764
2026-03-11T16:00:00+00:00,23562.45,23651.95,23519.940000000002,23646.440000000002,14547
2026-03-11T17:00:00+00:00,23646.440000000002,23663.100000000002,23554.59,23614.61,11686
2026-03-11T18:00:00+00:00,23614.61,23653.600000000002,23576.86,23640.11,8351
2026-03-11T19:00:00+00:00,23640.11,23670.100000000002,23611.600000000002,23661.09,5897
2026-03-11T20:00:00+00:00,23661.09,23664.600000000002,23586.59,23586.850000000002,1904
2026-03-12T00:00:00+00:00,23586.850000000002,23586.850000000002,23343.29,23377.300000000003,1190
2026-03-12T01:00:00+00:00,23377.300000000003,23453.050000000003,23357.300000000003,23381.300000000003,6096
2026-03-12T02:00:00+00:00,23381.300000000003,23387.04,23244.300000000003,23251.29,4962
2026-03-12T03:00:00+00:00,23251.29,23272.31,23205.31,23245.550000000003,3887
2026-03-12T04:00:00+00:00,23245.550000000003,23283.050000000003,23234.300000000003,23259.050000000003,1901
2026-03-12T05:00:00+00:00,23259.050000000003,23324.04,23255.29,23315.550000000003,3676
2026-03-12T06:00:00+00:00,23315.550000000003,23370.04,23295.29,23353.550000000003,2449
2026-03-12T07:00:00+00:00,23353.550000000003,23454.550000000003,23344.550000000003,23445.54,7737
2026-03-12T08:00:00+00:00,23445.54,23575.91,23442.41,23560.9,25713
2026-03-12T09:00:00+00:00,23560.9,23597.41,23437.4,23589.41,18786
2026-03-12T10:00:00+00:00,23589.41,23622.41,23522.4,23574.41,15125
2026-03-12T11:00:00+00:00,23574.41,23661.4,23539.4,23575.390000000003,13002
2026-03-12T12:00:00+00:00,23575.390000000003,23582.41,23488.4,23556.390000000003,15740
2026-03-12T13:00:00+00:00,23556.390000000003,23590.41,23412.9,23456.41,31864
2026-03-12T14:00:00+00:00,23456.41,23527.41,23348.390000000003,23467.4,32526
2026-03-12T15:00:00+00:00,23467.4,23511.890000000003,23322.41,23498.390000000003,26835
2026-03-12T16:00:00+00:00,23498.390000000003,23586.41,23444.9,23525.890000000003,23267
2026-03-12T17:00:00+00:00,23525.890000000003,23594.56,23515.04,23542.54,15573
2026-03-12T18:00:00+00:00,23542.54,23568.04,23519.550000000003,23522.56,8907
2026-03-12T19:00:00+00:00,23522.56,23551.56,23483.06,23492.54,7888
2026-03-12T20:00:00+00:00,23492.54,23508.04,23465.550000000003,23470.29,2168
2026-03-13T00:00:00+00:00,23470.29,23567.320000000003,23470.29,23557.58,1060
2026-03-13T01:00:00+00:00,23557.58,23628.34,23556.58,23583.33,3719
2026-03-13T02:00:00+00:00,23583.33,23607.84,23562.570000000003,23565.58,3519
2026-03-13T03:00:00+00:00,23565.58,23588.34,23544.570000000003,23586.320000000003,2492
2026-03-13T04:00:00+00:00,23586.320000000003,23595.570000000003,23545.570000000003,23558.58,2547
2026-03-13T05:00:00+00:00,23558.58,23574.320000000003,23535.570000000003,23566.59,3315
2026-03-13T06:00:00+00:00,23566.59,23568.34,23449.33,23458.320000000003,3493
2026-03-13T07:00:00+00:00,23458.320000000003,23466.34,23342.33,23362.84,8632
2026-03-13T08:00:00+00:00,23362.84,23379.690000000002,23243.190000000002,23367.690000000002,26185
2026-03-13T09:00:00+00:00,23367.690000000002,23418.68,23322.190000000002,23381.18,16764
2026-03-13T10:00:00+00:00,23381.18,23518.670000000002,23365.68,23513.68,13925
2026-03-13T11:00:00+00:00,23513.68,23564.690000000002,23488.670000000002,23563.68,14087
2026-03-13T12:00:00+00:00,23563.68,23663.68,23538.670000000002,23605.670000000002,15750
2026-03-13T13:00:00+00:00,23605.670000000002,23723.18,23577.690000000002,23634.690000000002,22270
2026-03-13T14:00:00+00:00,23634.690000000002,23654.670000000002,23449.170000000002,23452.690000000002,28655
2026-03-13T15:00:00+00:00,23452.690000000002,23516.670000000002,23368.170000000002,23373.190000000002,27953
2026-03-13T16:00:00+00:00,23373.190000000002,23424.690000000002,23338.68,23374.690000000002,24836
2026-03-13T17:00:00+00:00,23374.690000000002,23414.84,23332.34,23341.320000000003,15002
2026-03-13T18:00:00+00:00,23341.320000000003,23401.84,23325.33,23390.33,8838
2026-03-13T19:00:00+00:00,23390.33,23390.33,23313.83,23352.34,7331
2026-03-13T20:00:00+00:00,23352.34,23359.320000000003,23295.320000000003,23298.33,2019
2026-03-16T00:00:00+00:00,23298.33,23510.7,23298.33,23503.7,876
2026-03-16T01:00:00+00:00,23503.7,23521.2,23413.440000000002,23456.190000000002,4532
2026-03-16T02:00:00+00:00,23456.190000000002,23457.710000000003,23402.440000000002,23415.440000000002,2933
2026-03-16T03:00:00+00:00,23415.440000000002,23499.2,23407.440000000002,23496.210000000003,2055
2026-03-16T04:00:00+00:00,23496.210000000003,23496.210000000003,23436.7,23437.210000000003,1414.0151858567542
2026-03-16T05:00:00+00:00,23437.210000000003,23498.690000000002,23425.460000000003,23490.210000000003,2438
2026-03-16T06:00:00+00:00,23490.210000000003,23527.7,23475.690000000002,23521.7,2220
2026-03-16T07:00:00+00:00,23521.7,23523.210000000003,23411.190000000002,23417.190000000002,7210
2026-03-16T08:00:00+00:00,23417.190000000002,23468.06,23351.550000000003,23392.56,25833
2026-03-16T09:00:00+00:00,23392.56,23419.56,23292.56,23303.06,20202
2026-03-16T10:00:00+00:00,23303.06,23459.56,23295.050000000003,23459.050000000003,16313
2026-03-16T11:00:00+00:00,23459.050000000003,23503.050000000003,23432.06,23500.050000000003,11828
2026-03-16T12:00:00+00:00,23500.050000000003,23583.56,23496.54,23535.04,11085
2026-03-16T13:00:00+00:00,23535.04,23640.54,23535.04,23638.56,15203
2026-03-16T14:00:00+00:00,23638.56,23663.54,23526.54,23613.550000000003,19467
2026-03-16T15:00:00+00:00,23613.550000000003,23656.050000000003,23577.04,23577.050000000003,15355
2026-03-16T16:00:00+00:00,23577.050000000003,23600.06,23520.54,23533.050000000003,16841
2026-03-16T17:00:00+00:00,23533.050000000003,23584.210000000003,23520.690000000002,23543.2,10641
2026-03-16T18:00:00+00:00,23543.2,23594.2,23541.7,23583.210000000003,6287
2026-03-16T19:00:00+00:00,23583.210000000003,23633.2,23556.190000000002,23599.190000000002,8707
2026-03-16T20:00:00+00:00,23599.190000000002,23603.210000000003,23570.2,23576.440000000002,2019
2026-03-17T00:00:00+00:00,23576.440000000002,23576.440000000002,23487.670000000002,23501.940000000002,796
2026-03-17T01:00:00+00:00,23501.940000000002,23550.920000000002,23498.440000000002,23533.940000000002,2221
2026-03-17T02:00:00+00:00,23533.940000000002,23539.940000000002,23509.68,23511.420000000002,1563
2026-03-17T03:00:00+00:00,23511.420000000002,23537.43,23499.690000000002,23504.940000000002,1653
2026-03-17T04:00:00+00:00,23504.940000000002,23530.920000000002,23488.940000000002,23520.420000000002,1097
2026-03-17T05:00:00+00:00,23520.420000000002,23522.420000000002,23401.920000000002,23402.920000000002,1578
2026-03-17T06:00:00+00:00,23402.920000000002,23424.420000000002,23370.420000000002,23414.420000000002,4073
2026-03-17T07:00:00+00:00,23414.420000000002,23495.440000000002,23397.440000000002,23461.920000000002,5899
2026-03-17T08:00:00+00:00,23461.920000000002,23511.79,23419.280000000002,23464.780000000002,22119
2026-03-17T09:00:00+00:00,23464.780000000002,23615.780000000002,23464.780000000002,23598.29,15774
2026-03-17T10:00:00+00:00,23598.29,23598.79,23492.780000000002,23556.280000000002,15540
2026-03-17T11:00:00+00:00,23556.280000000002,23601.29,23553.280000000002,23557.280000000002,12405
2026-03-17T12:00:00+00:00,23557.280000000002,23667.29,23556.280000000002,23644.77,11836
2026-03-17T13:00:00+00:00,23644.77,23756.31,23641.77,23720.300000000003,15677
2026-03-17T14:00:00+00:00,23720.300000000003,23782.31,23685.800000000003,23779.31,16773
2026-03-17T15:00:00+00:00,23779.31,23787.800000000003,23663.79,23705.79,19905
2026-03-17T16:00:00+00:00,23705.79,23707.81,23645.800000000003,23665.81,18452
2026-03-17T17:00:00+00:00,23665.81,23712.460000000003,23664.45,23691.440000000002,8287
2026-03-17T18:00:00+00:00,23691.440000000002,23698.460000000003,23636.460000000003,23664.940000000002,5732
2026-03-17T19:00:00+00:00,23664.940000000002,23671.460000000003,23641.940000000002,23664.95,5231
2026-03-17T20:00:00+00:00,23664.95,23676.45,23648.460000000003,23668.190000000002,1691.5316718587746
2026-03-18T00:00:00+00:00,23668.190000000002,23706.210000000003,23662.68,23703.190000000002,655
2026-03-18T01:00:00+00:00,23703.190000000002,23733.710000000003,23703.190000000002,23718.710000000003,1402
2026-03-18T02:00:00+00:00,23718.710000000003,23746.190000000002,23712.690000000002,23737.200000000004,1354
2026-03-18T03:00:00+00:00,23737.200000000004,23780.210000000003,23737.190000000002,23770.710000000003,1009
2026-03-18T04:00:00+00:00,23770.710000000003,23805.690000000002,23770.710000000003,23796.210000000003,953.2111157196184
2026-03-18T05:00:00+00:00,23796.210000000003,23849.190000000002,23789.690000000002,23845.210000000003,1244
2026-03-18T06:00:00+00:00,23845.210000000003,23879.200000000004,23839.700000000004,23873.690000000002,2400
2026-03-18T07:00:00+00:00,23873.690000000002,23890.710000000003,23784.200000000004,23804.190000000002,5229
2026-03-18T08:00:00+00:00,23804.190000000002,23852.060000000005,23763.540000000005,23836.060000000005,20313
2026-03-18T09:00:00+00:00,23836.060000000005,23900.050000000003,23814.060000000005,23867.540000000005,13228
2026-03-18T10:00:00+00:00,23867.540000000005,23917.560000000005,23854.560000000005,23857.060000000005,10845
2026-03-18T11:00:00+00:00,23857.060000000005,23911.560000000005,23793.050000000003,23804.560000000005,16190
2026-03-18T12:00:00+00:00,23804.560000000005,23813.040000000005,23553.540000000005,23567.060000000005,24821
2026-03-18T13:00:00+00:00,23567.060000000005,23630.040000000005,23514.060000000005,23562.060000000005,29421
2026-03-18T14:00:00+00:00,23562.060000000005,23609.050000000003,23408.040000000005,23469.060000000005,28385
2026-03-18T15:00:00+00:00,23469.060000000005,23536.560000000005,23440.540000000005,23467.560000000005,23333
2026-03-18T16:00:00+00:00,23467.560000000005,23505.060000000005,23440.550000000003,23462.550000000003,17557
2026-03-18T17:00:00+00:00,23462.550000000003,23498.210000000003,23428.690000000002,23478.940000000002,10921
2026-03-18T18:00:00+00:00,23478.940000000002,23507.210000000003,23344.700000000004,23346.210000000003,15877
2026-03-18T19:00:00+00:00,23346.210000000003,23365.710000000003,23196.700000000004,23215.700000000004,13878
2026-03-18T20:00:00+00:00,23215.700000000004,23225.190000000002,23076.710000000003,23104.950000000004,5767
2026-03-19T00:00:00+00:00,23104.950000000004,23116.240000000005,23044.240000000005,23089.510000000006,843
2026-03-19T01:00:00+00:00,23089.510000000006,23170.990000000005,23075.240000000005,23138.260000000006,1870
2026-03-19T02:00:00+00:00,23138.260000000006,23228.260000000006,23114.240000000005,23193.260000000006,1703
2026-03-19T03:00:00+00:00,23193.260000000006,23215.000000000004,23181.240000000005,23182.240000000005,938.3018266164106
2026-03-19T04:00:00+00:00,23182.240000000005,23182.240000000005,23053.250000000004,23080.250000000004,1349
2026-03-19T05:00:00+00:00,23080.250000000004,23111.740000000005,23027.740000000005,23030.740000000005,590.1479862061534
2026-03-19T06:00:00+00:00,23030.740000000005,23117.490000000005,23030.740000000005,23065.750000000004,1476
2026-03-19T07:00:00+00:00,23065.750000000004,23148.000000000004,23002.750000000004,23107.490000000005,9393
2026-03-19T08:00:00+00:00,23107.490000000005,23168.360000000004,22902.350000000006,22940.360000000004,35681
2026-03-19T09:00:00+00:00,22940.360000000004,23037.860000000004,22832.750000000004,23015.360000000004,37853
2026-03-19T10:00:00+00:00,23015.360000000004,23015.360000000004,22894.340000000004,22910.840000000004,24252
2026-03-19T11:00:00+00:00,22910.840000000004,22948.350000000006,22865.360000000004,22922.760000000006,18642
2026-03-19T12:00:00+00:00,22922.760000000006,22943.860000000004,22767.860000000004,22801.840000000004,23306
2026-03-19T13:00:00+00:00,22801.840000000004,22956.860000000004,22735.760000000006,22937.760000000006,37866
2026-03-19T14:00:00+00:00,22937.760000000006,22982.350000000006,22836.350000000006,22855.360000000004,32151
2026-03-19T15:00:00+00:00,22855.360000000004,22975.350000000006,22828.340000000004,22905.360000000004,26509
2026-03-19T16:00:00+00:00,22905.360000000004,22958.850000000006,22761.850000000006,22789.360000000004,25213
2026-03-19T17:00:00+00:00,22789.360000000004,22817.510000000006,22701.740000000005,22773.990000000005,10693
2026-03-19T18:00:00+00:00,22773.990000000005,22834.750000000004,22739.750000000004,22824.760000000006,4020
2026-03-19T19:00:00+00:00,22824.760000000006,23102.760000000006,22822.750000000004,22967.740000000005,6185
2026-03-19T20:00:00+00:00,22967.740000000005,23025.010000000006,22950.740000000005,22958.260000000006,1552
2026-03-20T00:00:00+00:00,22958.260000000006,23000.510000000006,22941.760000000006,22978.280000000002,639.8065081265319
2026-03-20T01:00:00+00:00,22978.280000000002,23052.280000000002,22965.260000000006,23017.530000000002,3512
2026-03-20T02:00:00+00:00,23017.530000000002,23018.280000000002,22992.260000000006,22992.280000000002,3142
2026-03-20T03:00:00+00:00,22992.280000000002,23001.030000000002,22965.020000000004,22972.260000000006,1960.5708087260455
2026-03-20T04:00:00+00:00,22972.260000000006,22988.030000000002,22942.260000000006,22948.280000000002,1660.2990954187335
2026-03-20T05:00:00+00:00,22948.280000000002,22979.030000000002,22917.270000000004,22963.280000000002,2730
2026-03-20T06:00:00+00:00,22963.280000000002,22984.010000000006,22905.520000000004,22920.020000000004,2487
2026-03-20T07:00:00+00:00,22920.020000000004,23039.530000000002,22866.020000000004,23033.520000000004,7726
2026-03-20T08:00:00+00:00,23033.520000000004,23141.360000000004,23008.370000000003,23017.870000000003,22776
2026-03-20T09:00:00+00:00,23017.870000000003,23028.870000000003,22800.860000000004,22842.360000000004,26169
2026-03-20T10:00:00+00:00,22842.360000000004,22849.860000000004,22657.370000000003,22701.360000000004,33057
2026-03-20T11:00:00+00:00,22701.360000000004,22880.360000000004,22694.860000000004,22869.380000000005,21221
2026-03-20T12:00:00+00:00,22869.380000000005,22896.360000000004,22806.880000000005,22869.370000000003,21747
2026-03-20T13:00:00+00:00,22869.370000000003,22881.370000000003,22642.880000000005,22651.370000000003,30825
2026-03-20T14:00:00+00:00,22651.370000000003,22655.880000000005,22360.860000000004,22399.880000000005,34734
2026-03-20T15:00:00+00:00,22399.880000000005,22486.380000000005,22341.870000000003,22395.870000000003,30563
2026-03-20T16:00:00+00:00,22395.870000000003,22451.380000000005,22245.370000000003,22290.870000000003,25215
2026-03-20T17:00:00+00:00,22290.870000000003,22323.520000000004,22219.530000000002,22267.520000000004,17143
2026-03-20T18:00:00+00:00,22267.520000000004,22278.510000000006,22117.020000000004,22137.030000000002,13779
2026-03-20T19:00:00+00:00,22137.030000000002,22168.020000000004,22050.510000000006,22144.510000000006,13398
2026-03-20T20:00:00+00:00,22144.510000000006,22191.510000000006,22137.510000000006,22172.010000000006,4235
2026-03-23T00:00:00+00:00,22172.010000000006,22172.010000000006,21942.020000000004,21963.530000000002,3654
2026-03-23T01:00:00+00:00,21963.530000000002,22176.530000000002,21946.510000000006,22134.280000000002,10815
2026-03-23T02:00:00+00:00,22134.280000000002,22153.280000000002,22048.280000000002,22062.260000000006,6094
2026-03-23T03:00:00+00:00,22062.260000000006,22077.280000000002,21981.260000000006,21989.260000000006,5917.837844345346
2026-03-23T04:00:00+00:00,21989.260000000006,22032.530000000002,21969.020000000004,22032.270000000004,3880
2026-03-23T05:00:00+00:00,22032.270000000004,22073.010000000006,21970.010000000006,22011.520000000004,6924
2026-03-23T06:00:00+00:00,22011.520000000004,22018.530000000002,21874.510000000006,21898.510000000006,9118
2026-03-23T07:00:00+00:00,21898.510000000006,21980.030000000002,21837.530000000002,21856.510000000006,17041
2026-03-23T08:00:00+00:00,21856.510000000006,21973.880000000005,21847.870000000003,21934.380000000005,48337
2026-03-23T09:00:00+00:00,21934.380000000005,22008.380000000005,21851.870000000003,21891.880000000005,36350
2026-03-23T10:00:00+00:00,21891.880000000005,21941.880000000005,21829.360000000004,21886.370000000003,30347
2026-03-23T11:00:00+00:00,21886.370000000003,23241.76,21886.370000000003,22647.74,30246.753759498217
2026-03-23T12:00:00+00:00,22647.74,22941.84,22570.76,22886.74,47671
2026-03-23T13:00:00+00:00,22886.74,22942.84,22687.86,22857.36,35013
2026-03-23T14:00:00+00:00,22857.36,23010.86,22816.84,22974.86,30514
2026-03-23T15:00:00+00:00,22974.86,23095.85,22665.74,22679.86,27093
2026-03-23T16:00:00+00:00,22679.86,22742.86,22584.85,22697.34,29600
2026-03-23T17:00:00+00:00,22697.34,22870.51,22673.51,22817,16928
2026-03-23T18:00:00+00:00,22817,22901.01,22729.01,22852.49,12318
2026-03-23T19:00:00+00:00,22852.49,22852.49,22730.99,22754.99,8821
2026-03-23T20:00:00+00:00,22754.99,22795.5,22721.51,22787.25,3711
2026-03-24T00:00:00+00:00,22787.25,22787.25,22553.25,22575.24,1532.617357558647
2026-03-24T01:00:00+00:00,22575.24,22577.26,22401.26,22448.26,6487
2026-03-24T02:00:00+00:00,22448.26,22517.25,22394.24,22464.26,4990.64023352587
2026-03-24T03:00:00+00:00,22464.26,22472.76,22405.74,22472.76,4495.150529346228
2026-03-24T04:00:00+00:00,22472.76,22488.74,22424.75,22433.75,3808
2026-03-24T05:00:00+00:00,22433.75,22473.99,22362.74,22439.76,7441
2026-03-24T06:00:00+00:00,22439.76,22579.5,22425.76,22556.01,6893
2026-03-24T07:00:00+00:00,22556.01,22696.51,22553.01,22639.5,11514
2026-03-24T08:00:00+00:00,22639.5,22726.36,22461.86,22478.86,35934
2026-03-24T09:00:00+00:00,22478.86,22584.34,22394.34,22564.36,29939
2026-03-24T10:00:00+00:00,22564.36,22631.35,22510.84,22575.85,23905
2026-03-24T11:00:00+00:00,22575.85,22641.85,22493.84,22620.36,24641
2026-03-24T12:00:00+00:00,22620.36,22633.36,22414.34,22427.84,28074
2026-03-24T13:00:00+00:00,22427.84,22451.36,22337.34,22440.84,38713
2026-03-24T14:00:00+00:00,22440.84,22636.86,22416.34,22574.84,38612
2026-03-24T15:00:00+00:00,22574.84,22665.85,22545.36,22545.36,30059
2026-03-24T16:00:00+00:00,22545.36,22654.36,22535.84,22584.86,23202
2026-03-24T17:00:00+00:00,22584.86,22593.01,22473,22589.49,21076
2026-03-24T18:00:00+00:00,22589.49,22671.49,22539.99,22604.5,13127
2026-03-24T19:00:00+00:00,22604.5,22651.49,22561.49,22569,10264
2026-03-24T20:00:00+00:00,22569,22924.74,22552,22849.24,14923
2026-03-25T00:00:00+00:00,22849.24,22988.5,22849.24,22945.75,1672
2026-03-25T01:00:00+00:00,22945.75,22986.99,22914.75,22916.74,5784
2026-03-25T02:00:00+00:00,22916.74,22919.49,22829.74,22840,5142
2026-03-25T03:00:00+00:00,22840,22868.49,22818.75,22860.76,3823
2026-03-25T04:00:00+00:00,22860.76,22925.51,22857.74,22916.75,3009
2026-03-25T05:00:00+00:00,22916.75,22917,22871.75,22882.5,4036
2026-03-25T06:00:00+00:00,22882.5,22882.5,22833.75,22860.01,4698
2026-03-25T07:00:00+00:00,22860.01,22923.51,22806.51,22922.5,9706
2026-03-25T08:00:00+00:00,22922.5,23073.36,22922.5,22987.35,32380
2026-03-25T09:00:00+00:00,22987.35,23061.84,22916.34,22989.84,21685
2026-03-25T10:00:00+00:00,22989.84,23032.36,22952.85,22996.86,17880
2026-03-25T11:00:00+00:00,22996.86,23054.36,22967.35,23034.86,15013
2026-03-25T12:00:00+00:00,23034.86,23084.86,22881.85,22994.86,25962
2026-03-25T13:00:00+00:00,22994.86,23058.34,22938.84,22953.35,27457
2026-03-25T14:00:00+00:00,22953.35,23032.86,22909.34,22980.35,28612
2026-03-25T15:00:00+00:00,22980.35,22989.35,22813.35,22902.86,25604
2026-03-25T16:00:00+00:00,22902.86,22998.86,22871.85,22954.85,20453
2026-03-25T17:00:00+00:00,22954.85,23007.99,22924.99,22941.5,11419
2026-03-25T18:00:00+00:00,22941.5,22963.49,22868.01,22914.99,7311
2026-03-25T19:00:00+00:00,22914.99,22958.49,22889.5,22929.5,7330
2026-03-25T20:00:00+00:00,22929.5,22937.51,22898.01,22919.76,1816
2026-03-26T00:00:00+00:00,22919.76,22919.76,22885.01,22895.76,1509
2026-03-26T01:00:00+00:00,22895.76,22919.76,22871.5,22878.74,5756
2026-03-26T02:00:00+00:00,22878.74,22897.5,22765.75,22784.75,7047
2026-03-26T03:00:00+00:00,22784.75,22863.51,22771.75,22822.74,4863
2026-03-26T04:00:00+00:00,22822.74,22839.49,22804.74,22824,3045
2026-03-26T05:00:00+00:00,22824,22835.01,22718.74,22724.01,3770
2026-03-26T06:00:00+00:00,22724.01,22790.5,22706.49,22775.99,5127
2026-03-26T07:00:00+00:00,22775.99,22779.01,22686.75,22720,7721
2026-03-26T08:00:00+00:00,22720,22783.34,22636.34,22692.34,28054
2026-03-26T09:00:00+00:00,22692.34,22693.85,22569.86,22634.84,22915
2026-03-26T10:00:00+00:00,22634.84,22721.86,22605.84,22670.36,16067
2026-03-26T11:00:00+00:00,22670.36,22701.86,22578.36,22579.34,14753
2026-03-26T12:00:00+00:00,22579.34,22663.86,22552.84,22619.86,14447
2026-03-26T13:00:00+00:00,22619.86,22776.35,22580.34,22771.34,23074
2026-03-26T14:00:00+00:00,22771.34,22825.35,22658.35,22703.36,30261
2026-03-26T15:00:00+00:00,22703.36,22726.86,22634.35,22659.35,22157
2026-03-26T16:00:00+00:00,22659.35,22703.85,22563.36,22617.85,15665
2026-03-26T17:00:00+00:00,22617.85,22657.5,22561.51,22583.01,8565
2026-03-26T18:00:00+00:00,22583.01,22619.99,22582.49,22614,6806
2026-03-26T19:00:00+00:00,22614,22617.01,22515.49,22522.01,6682
2026-03-26T20:00:00+00:00,22522.01,22888.75,22509.5,22625.74,7427
2026-03-27T00:00:00+00:00,22625.74,22631.99,22574.74,22591.75,1797
2026-03-27T01:00:00+00:00,22591.75,22669.51,22580.75,22664.76,6572
2026-03-27T02:00:00+00:00,22664.76,22698.75,22658.75,22675.76,4789
2026-03-27T03:00:00+00:00,22675.76,22738.99,22660.76,22729.76,3078
2026-03-27T04:00:00+00:00,22729.76,22742.01,22707.74,22731.76,2546
2026-03-27T05:00:00+00:00,22731.76,22790.51,22730.76,22737.01,3159
2026-03-27T06:00:00+00:00,22737.01,22763.5,22671.75,22683.01,3591
2026-03-27T07:00:00+00:00,22683.01,22698.51,22637.51,22656.99,6972
2026-03-27T08:00:00+00:00,22656.99,22656.99,22380.86,22385.34,30784
2026-03-27T09:00:00+00:00,22385.34,22409.35,22287.35,22326.86,26451
2026-03-27T10:00:00+00:00,22326.86,22395.86,22274.84,22282.84,21493
2026-03-27T11:00:00+00:00,22282.84,22368.86,22219.84,22321.36,18629
2026-03-27T12:00:00+00:00,22321.36,22367.34,22262.34,22336.34,19904
2026-03-27T13:00:00+00:00,22336.34,22373.36,22260.34,22283.76,27039
2026-03-27T14:00:00+00:00,22283.76,22376.34,22274.76,22303.35,27355
2026-03-27T15:00:00+00:00,22303.35,22423.84,22246.34,22325.85,18338
2026-03-27T16:00:00+00:00,22325.85,22349.36,22281.34,22318.35,15063
2026-03-27T17:00:00+00:00,22318.35,22365.99,22256.99,22261,7967
2026-03-27T18:00:00+00:00,22261,22270.51,22209.99,22238.99,7703
2026-03-27T19:00:00+00:00,22238.99,22244.5,22155.49,22210.51,9121
2026-03-27T20:00:00+00:00,22210.51,22242.01,22115.49,22115.99,5117
2026-03-30T00:00:00+00:00,22115.99,22115.99,21951.74,21991.74,2870
2026-03-30T01:00:00+00:00,21991.74,22050.74,21961.74,22040.75,4864
2026-03-30T02:00:00+00:00,22040.75,22153.75,22033.74,22128.5,3660.392180881788
2026-03-30T03:00:00+00:00,22128.5,22191.51,22120.76,22179.99,3639.9385474860337
2026-03-30T04:00:00+00:00,22179.99,22235.49,22170.74,22183.51,2197.896740994854
2026-03-30T05:00:00+00:00,22183.51,22226.99,22173.49,22174.99,3651
2026-03-30T06:00:00+00:00,22174.99,22324.01,22165.5,22274.01,9779
2026-03-30T07:00:00+00:00,22274.01,22329.36,22233.34,22303.85,26003
2026-03-30T08:00:00+00:00,22303.85,22385.85,22255.34,22379.86,18196
2026-03-30T09:00:00+00:00,22379.86,22401.34,22263.36,22278.36,17526
2026-03-30T10:00:00+00:00,22278.36,22341.86,22259.36,22341.86,14680
2026-03-30T11:00:00+00:00,22341.86,22564.86,22338.34,22385.86,23316
2026-03-30T12:00:00+00:00,22385.86,22443.36,22351.84,22442.36,14324
2026-03-30T13:00:00+00:00,22442.36,22470.86,22371.35,22382.84,25803
2026-03-30T14:00:00+00:00,22382.84,22525.86,22381.84,22525.36,38203.41690733761
2026-03-30T15:00:00+00:00,22525.36,22655.38,22485.36,22628.36,21919
2026-03-30T16:00:00+00:00,22628.36,22633.03,22547.510000000002,22565.03,13329
2026-03-30T17:00:00+00:00,22565.03,22581.02,22477.510000000002,22510.52,12241
2026-03-30T18:00:00+00:00,22510.52,22523.53,22422.53,22433.010000000002,8196
2026-03-30T19:00:00+00:00,22433.010000000002,22487.03,22366.510000000002,22480.78,10673
2026-03-31T00:00:00+00:00,22480.78,22609.010000000002,22352.260000000002,22564.28,7065
2026-03-31T01:00:00+00:00,22564.28,22764.27,22496.27,22723.27,12762
2026-03-31T02:00:00+00:00,22723.27,22750.02,22688.260000000002,22690.02,8241
2026-03-31T03:00:00+00:00,22690.02,22735.010000000002,22625.260000000002,22631.260000000002,5203
2026-03-31T04:00:00+00:00,22631.260000000002,22649.53,22599.010000000002,22599.52,4063
2026-03-31T05:00:00+00:00,22599.52,22767.010000000002,22540.260000000002,22713.010000000002,6564
2026-03-31T06:00:00+00:00,22713.010000000002,22728.010000000002,22608.510000000002,22624.02,11573
2026-03-31T07:00:00+00:00,22624.02,22778.88,22520.37,22777.88,28077
2026-03-31T08:00:00+00:00,22777.88,22809.37,22692.87,22721.38,25982
2026-03-31T09:00:00+00:00,22721.38,22794.88,22712.260000000002,22765.36,19735
2026-03-31T10:00:00+00:00,22765.36,22817.88,22653.88,22735.38,18280
2026-03-31T11:00:00+00:00,22735.38,22897.87,22709.86,22790.88,32911
2026-03-31T12:00:00+00:00,22790.88,22852.86,22727.86,22794.87,27941
2026-03-31T13:00:00+00:00,22794.87,22868.87,22748.88,22840.86,25172
2026-03-31T14:00:00+00:00,22840.86,22850.37,22688.36,22704.38,30403
2026-03-31T15:00:00+00:00,22704.38,22791.88,22629.36,22678.86,24652
2026-03-31T16:00:00+00:00,22678.86,23100.53,22661.510000000002,22906.510000000002,32460
2026-03-31T17:00:00+00:00,22906.510000000002,22996.53,22881.510000000002,22934.52,26331
2026-03-31T18:00:00+00:00,22934.52,22989.02,22931.02,22981.02,12388
2026-03-31T19:00:00+00:00,22981.02,23079.02,22967.27,23053.760000000002,9706
2026-04-01T00:00:00+00:00,23053.760000000002,23128.03,23053.760000000002,23125.28,2203
2026-04-01T01:00:00+00:00,23125.28,23135.02,23056.53,23074.53,6019
2026-04-01T02:00:00+00:00,23074.53,23097.010000000002,23056.260000000002,23060.52,2514
2026-04-01T03:00:00+00:00,23060.52,23094.02,23052.260000000002,23084.53,2223
2026-04-01T04:00:00+00:00,23084.53,23115.02,23078.28,23110.02,1308
2026-04-01T05:00:00+00:00,23110.02,23153.03,23104.260000000002,23133.53,2333
2026-04-01T06:00:00+00:00,23133.53,23342.53,23130.260000000002,23334.53,10328
2026-04-01T07:00:00+00:00,23334.53,23394.36,23187.88,23194.37,26667
2026-04-01T08:00:00+00:00,23194.37,23266.86,23150.86,23212.27,26269
2026-04-01T09:00:00+00:00,23212.27,23243.86,23064.88,23177.38,21960
2026-04-01T10:00:00+00:00,23177.38,23263.88,23126.36,23257.38,17781
2026-04-01T11:00:00+00:00,23257.38,23376.38,23249.86,23352.86,11808
2026-04-01T12:00:00+00:00,23352.86,23454.37,23238.88,23254.38,22387
2026-04-01T13:00:00+00:00,23254.38,23339.36,23190.86,23233.36,35060
2026-04-01T14:00:00+00:00,23233.36,23365.37,23219.38,23340.38,33564
2026-04-01T15:00:00+00:00,23340.38,23424.37,23298.86,23420.87,14729
2026-04-01T16:00:00+00:00,23420.87,23430.03,23358.52,23400.52,8237
2026-04-01T17:00:00+00:00,23400.52,23424.02,23355.010000000002,23356.02,4498
2026-04-01T18:00:00+00:00,23356.02,23359.52,23227.260000000002,23264.02,11253
2026-04-01T19:00:00+00:00,23264.02,23393.02,23257.03,23357.760000000002,9252
2026-04-02T00:00:00+00:00,23357.760000000002,23400.27,23318.28,23388.260000000002,2176
2026-04-02T01:00:00+00:00,23388.260000000002,23398.28,22984.260000000002,23025.27,12547
2026-04-02T02:00:00+00:00,23025.27,23039.010000000002,22954.260000000002,22980.27,6874
2026-04-02T03:00:00+00:00,22980.27,22980.27,22908.260000000002,22918.260000000002,5892
2026-04-02T04:00:00+00:00,22918.260000000002,22935.28,22863.27,22895.02,4376
2026-04-02T05:00:00+00:00,22895.02,22925.02,22850.510000000002,22858.510000000002,5023
2026-04-02T06:00:00+00:00,22858.510000000002,22952.02,22858.510000000002,22943.53,8655
2026-04-02T07:00:00+00:00,22943.53,23046.87,22933.87,23042.38,17212
2026-04-02T08:00:00+00:00,23042.38,23050.38,22974.37,23004.36,14507
2026-04-02T09:00:00+00:00,23004.36,23020.38,22925.37,22948.36,8330
2026-04-02T10:00:00+00:00,22948.36,22954.88,22832.87,22868.38,8550
2026-04-02T11:00:00+00:00,22868.38,22889.37,22765.86,22766.38,8658
2026-04-02T12:00:00+00:00,22766.38,22834.37,22718.36,22807.87,9687
2026-04-02T13:00:00+00:00,22807.87,22945.88,22793.86,22938.38,13422
2026-04-02T14:00:00+00:00,22938.38,23301.27,22898.37,23186.88,24020.974972191325
2026-04-02T15:00:00+00:00,23186.88,23214.87,23118.88,23158.36,15436
2026-04-02T16:00:00+00:00,23158.36,23210.03,23118.53,23181.53,6955
2026-04-02T17:00:00+00:00,23181.53,23261.010000000002,23172.77,23211.010000000002,4204
2026-04-02T18:00:00+00:00,23211.010000000002,23246.03,23209.53,23231.02,3245
2026-04-02T19:00:00+00:00,23231.02,23263.52,23214.010000000002,23258.28,2864
2026-04-07T00:00:00+00:00,23258.28,23384.03,23258.28,23337.260000000002,527.5810881623584
2026-04-07T01:00:00+00:00,23337.260000000002,23364.77,23252.260000000002,23266.53,3805.130264266999
2026-04-07T02:00:00+00:00,23266.53,23284.27,23236.260000000002,23264.27,4578
2026-04-07T03:00:00+00:00,23264.27,23271.28,23243.260000000002,23251.260000000002,2393
2026-04-07T04:00:00+00:00,23251.260000000002,23279.260000000002,23218.510000000002,23220.53,2705
2026-04-07T05:00:00+00:00,23220.53,23236.52,23194.02,23214.02,3459
2026-04-07T06:00:00+00:00,23214.02,23250.03,23163.03,23246.510000000002,6950
2026-04-07T07:00:00+00:00,23246.510000000002,23291.38,23181.38,23266.86,21350
2026-04-07T08:00:00+00:00,23266.86,23476.37,23261.38,23419.38,28295
2026-04-07T09:00:00+00:00,23419.38,23501.38,23414.36,23463.87,17169
2026-04-07T10:00:00+00:00,23463.87,23481.36,23186.36,23211.37,27038
2026-04-07T11:00:00+00:00,23211.37,23272.88,23163.38,23189.87,18916
2026-04-07T12:00:00+00:00,23189.87,23279.88,23106.28,23175.88,19060
2026-04-07T13:00:00+00:00,23175.88,23226.88,23023.86,23025.38,21211
2026-04-07T14:00:00+00:00,23025.38,23139.36,22930.36,22978.88,23905
2026-04-07T15:00:00+00:00,22978.88,23036.37,22939.36,23003.88,20440
2026-04-07T16:00:00+00:00,23003.88,23151.03,22996.510000000002,23122.010000000002,14406
2026-04-07T17:00:00+00:00,23122.010000000002,23196.510000000002,23081.52,23151.52,7436
2026-04-07T18:00:00+00:00,23151.52,23169.52,23095.52,23108.010000000002,2789
2026-04-07T19:00:00+00:00,23108.010000000002,23467.53,23078.260000000002,23311.78,5148
2026-04-08T00:00:00+00:00,23311.78,24061.11,23311.78,24019.36,4337
2026-04-08T01:00:00+00:00,24019.36,24149.09,23987.34,24144.11,6426
2026-04-08T02:00:00+00:00,24144.11,24172.61,24111.34,24125.61,3941
2026-04-08T03:00:00+00:00,24125.61,24139.600000000002,24084.34,24107.59,3520
2026-04-08T04:00:00+00:00,24107.59,24232.36,24103.34,24198.59,3564
2026-04-08T05:00:00+00:00,24198.59,24224.100000000002,24116.100000000002,24206.600000000002,6101
2026-04-08T06:00:00+00:00,24206.600000000002,24341.11,24173.11,24231.100000000002,13752
2026-04-08T07:00:00+00:00,24231.100000000002,24252.95,24045.95,24059.45,33178
2026-04-08T08:00:00+00:00,24059.45,24120.96,24003.44,24068.44,23019
2026-04-08T09:00:00+00:00,24068.44,24112.96,23976.44,24045.94,13247
2026-04-08T10:00:00+00:00,24045.94,24170.44,24018.45,24147.44,10306
2026-04-08T11:00:00+00:00,24147.44,24250.46,24121.94,24211.95,11462
2026-04-08T12:00:00+00:00,24211.95,24270.45,24119.350000000002,24238.94,15629
2026-04-08T13:00:00+00:00,24238.94,24267.46,24117.46,24176.45,19675
2026-04-08T14:00:00+00:00,24176.45,24219.95,24058.95,24120.46,24311
2026-04-08T15:00:00+00:00,24120.46,24211.94,24065.95,24195.45,15578
2026-04-08T16:00:00+00:00,24195.45,24217.600000000002,24156.11,24182.59,5070
2026-04-08T17:00:00+00:00,24182.59,24192.59,24116.600000000002,24152.61,4565
2026-04-08T18:00:00+00:00,24152.61,24177.61,24027.61,24034.61,6153
2026-04-08T19:00:00+00:00,24034.61,24156.600000000002,24018.59,24138.36,5853
2026-04-09T00:00:00+00:00,24138.36,24138.36,24006.8,24009.06,2264
2026-04-09T01:00:00+00:00,24009.06,24023.54,23957.79,24000.81,5349
2026-04-09T02:00:00+00:00,24000.81,24012.55,23983.8,23991.8,3312
2026-04-09T03:00:00+00:00,23991.8,24005.81,23966.8,23981.81,2538
2026-04-09T04:00:00+00:00,23981.81,23997.54,23969.79,23986.8,1797.1574722107862
2026-04-09T05:00:00+00:00,23986.8,24063.04,23974.8,24026.04,3574
2026-04-09T06:00:00+00:00,24026.04,24069.06,23989.05,24042.56,6426
2026-04-09T07:00:00+00:00,24042.56,24104.91,23893.91,23935.4,20060
2026-04-09T08:00:00+00:00,23935.4,23941.4,23854.89,23859.89,15137
2026-04-09T09:00:00+00:00,23859.89,23912.9,23841.9,23897.9,10532
2026-04-09T10:00:00+00:00,23897.9,23913.41,23860.9,23864.41,11028
2026-04-09T11:00:00+00:00,23864.41,23941.4,23847.41,23925.91,9987
2026-04-09T12:00:00+00:00,23925.91,23945.89,23859.89,23868.4,11433
2026-04-09T13:00:00+00:00,23868.4,23879.41,23783.9,23811.91,17096
2026-04-09T14:00:00+00:00,23811.91,23829.91,23768.4,23805.41,17551
2026-04-09T15:00:00+00:00,23805.41,23989.41,23766.89,23978.4,22845
2026-04-09T16:00:00+00:00,23978.4,24038.05,23950.55,23981.54,11361
2026-04-09T17:00:00+00:00,23981.54,24032.56,23964.05,24008.56,6161
2026-04-09T18:00:00+00:00,24008.56,24009.56,23923.55,23963.04,9134
2026-04-09T19:00:00+00:00,23963.04,24007.05,23954.55,23991.81,5734
2026-04-10T00:00:00+00:00,23991.81,23991.81,23935.02,23962.010000000002,1037
2026-04-10T01:00:00+00:00,23962.010000000002,24024.25,23937.02,23996.760000000002,2487
2026-04-10T02:00:00+00:00,23996.760000000002,23998.77,23961.02,23987.27,2200
2026-04-10T03:00:00+00:00,23987.27,24008.75,23973.760000000002,23991.25,1526
2026-04-10T04:00:00+00:00,23991.25,24025.260000000002,23978,24000.75,1779
2026-04-10T05:00:00+00:00,24000.75,24020.27,23973.010000000002,23986.02,2656
2026-04-10T06:00:00+00:00,23986.02,24004.760000000002,23935.77,23953.75,4418
2026-04-10T07:00:00+00:00,23953.75,23971.12,23896.12,23953.12,14114
2026-04-10T08:00:00+00:00,23953.12,23962.61,23863.11,23879.100000000002,10857
2026-04-10T09:00:00+00:00,23879.100000000002,24047.12,23876.100000000002,24028.11,19243
2026-04-10T10:00:00+00:00,24028.11,24105.62,23980.12,24078.100000000002,12137
2026-04-10T11:00:00+00:00,24078.100000000002,24124.600000000002,24047.100000000002,24058.600000000002,9599
2026-04-10T12:00:00+00:00,24058.600000000002,24155.62,24048.100000000002,24071.11,11172
2026-04-10T13:00:00+00:00,24071.11,24100.12,23967.100000000002,24023.62,16676
2026-04-10T14:00:00+00:00,24023.62,24076.600000000002,23955.600000000002,23968.600000000002,13774.995006280446
2026-04-10T15:00:00+00:00,23968.600000000002,23998.600000000002,23832.100000000002,23840.100000000002,13387
2026-04-10T16:00:00+00:00,23840.100000000002,23884.760000000002,23828.750000000004,23876.74,8132
2026-04-10T17:00:00+00:00,23876.74,23878.24,23809.250000000004,23865.760000000002,4272
2026-04-10T18:00:00+00:00,23865.760000000002,23884.260000000002,23845.24,23878.260000000002,3573
2026-04-10T19:00:00+00:00,23878.260000000002,23901.260000000002,23865.250000000004,23889.000000000004,3351
2026-04-13T00:00:00+00:00,23889.000000000004,23889.000000000004,23595.640000000003,23657.370000000003,1683
2026-04-13T01:00:00+00:00,23657.370000000003,23667.640000000003,23622.640000000003,23646.63,3358
2026-04-13T02:00:00+00:00,23646.63,23651.890000000003,23605.63,23628.640000000003,2287
2026-04-13T03:00:00+00:00,23628.640000000003,23637.370000000003,23583.63,23600.870000000003,2176
2026-04-13T04:00:00+00:00,23600.870000000003,23628.390000000003,23587.620000000003,23611.640000000003,1861
2026-04-13T05:00:00+00:00,23611.640000000003,23617.390000000003,23572.620000000003,23577.620000000003,2147
2026-04-13T06:00:00+00:00,23577.620000000003,23635.890000000003,23567.88,23607.390000000003,4581
2026-04-13T07:00:00+00:00,23607.390000000003,23690.74,23605.74,23680.72,12713
2026-04-13T08:00:00+00:00,23680.72,23714.230000000003,23645.74,23672.74,9331
2026-04-13T09:00:00+00:00,23672.74,23710.230000000003,23631.22,23657.730000000003,6432
2026-04-13T10:00:00+00:00,23657.730000000003,23686.74,23648.72,23669.24,5336
2026-04-13T11:00:00+00:00,23669.24,23706.22,23582.22,23590.74,8875
2026-04-13T12:00:00+00:00,23590.74,23647.24,23575.230000000003,23646.24,7867
2026-04-13T13:00:00+00:00,23646.24,23844.24,23642.72,23819.72,14405
2026-04-13T14:00:00+00:00,23819.72,23852.74,23775.230000000003,23840.72,14733
2026-04-13T15:00:00+00:00,23840.72,23857.730000000003,23800.74,23823.74,9057
2026-04-13T16:00:00+00:00,23823.74,23994.890000000003,23808.870000000003,23957.890000000003,14480
2026-04-13T17:00:00+00:00,23957.890000000003,23992.390000000003,23954.370000000003,23969.890000000003,2825
2026-04-13T18:00:00+00:00,23969.890000000003,24011.890000000003,23969.370000000003,24003.390000000003,2128
2026-04-13T19:00:00+00:00,24003.390000000003,24046.38,23978.370000000003,24042.120000000003,2812
2026-04-14T00:00:00+00:00,24042.120000000003,24042.120000000003,24017.620000000003,24021.390000000003,758
2026-04-14T01:00:00+00:00,24021.390000000003,24021.390000000003,23983.63,23992.390000000003,1732.060996563574
2026-04-14T02:00:00+00:00,23992.390000000003,24013.390000000003,23981.620000000003,23987.63,1351
2026-04-14T03:00:00+00:00,23987.63,23991.38,23968.120000000003,23976.370000000003,1333.5185378512842
2026-04-14T04:00:00+00:00,23976.370000000003,23989.38,23970.140000000003,23975.870000000003,1336
2026-04-14T05:00:00+00:00,23975.870000000003,24012.38,23959.870000000003,24000.370000000003,1978
2026-04-14T06:00:00+00:00,24000.370000000003,24044.390000000003,23993.870000000003,24037.890000000003,4795
2026-04-14T07:00:00+00:00,24037.890000000003,24113.74,23997.22,24094.230000000003,18655
2026-04-14T08:00:00+00:00,24094.230000000003,24135.74,24064.22,24131.22,12872
2026-04-14T09:00:00+00:00,24131.22,24151.72,24038.24,24069.230000000003,8891
2026-04-14T10:00:00+00:00,24069.230000000003,24084.24,24031.22,24048.72,8311
2026-04-14T11:00:00+00:00,24048.72,24149.230000000003,24036.120000000003,24105.22,8499
2026-04-14T12:00:00+00:00,24105.22,24192.22,24083.24,24118.74,10226
2026-04-14T13:00:00+00:00,24118.74,24159.74,24103.72,24149.22,14002
2026-04-14T14:00:00+00:00,24149.22,24187.74,24135.22,24153.72,12502
2026-04-14T15:00:00+00:00,24153.72,24171.24,24094.74,24158.730000000003,10944
2026-04-14T16:00:00+00:00,24158.730000000003,24180.870000000003,24123.370000000003,24127.88,3979
2026-04-14T17:00:00+00:00,24127.88,24158.88,24127.13,24143.390000000003,2814
2026-04-14T18:00:00+00:00,24143.390000000003,24164.88,24121.870000000003,24144.370000000003,3846
2026-04-14T19:00:00+00:00,24144.370000000003,24164.370000000003,24134.370000000003,24151.620000000003,3133
2026-04-15T00:00:00+00:00,24151.620000000003,24151.620000000003,24123.690000000002,24137.940000000002,947.9673452402021
2026-04-15T01:00:00+00:00,24137.940000000002,24155.7,24118.940000000002,24132.190000000002,2511.615993818814
2026-04-15T02:00:00+00:00,24132.190000000002,24133.7,24100.190000000002,24110.7,1690
2026-04-15T03:00:00+00:00,24110.7,24132.7,24099.940000000002,24122.690000000002,2116.3479648842776
2026-04-15T04:00:00+00:00,24122.690000000002,24133.210000000003,24099.95,24103.190000000002,1080.9523348045063
2026-04-15T05:00:00+00:00,24103.190000000002,24144.710000000003,24071.210000000003,24109.710000000003,5079
2026-04-15T06:00:00+00:00,24109.710000000003,24173.7,24107.710000000003,24162.210000000003,4173
2026-04-15T07:00:00+00:00,24162.210000000003,24188.550000000003,24122.54,24139.06,13031
2026-04-15T08:00:00+00:00,24139.06,24197.54,24106.04,24183.550000000003,8409
2026-04-15T09:00:00+00:00,24183.550000000003,24196.04,24121.04,24137.56,10022
2026-04-15T10:00:00+00:00,24137.56,24179.04,24086.54,24129.04,11992
2026-04-15T11:00:00+00:00,24129.04,24237.940000000002,24116.04,24160.04,9597
2026-04-15T12:00:00+00:00,24160.04,24168.56,24120.550000000003,24150.04,9029
2026-04-15T13:00:00+00:00,24150.04,24211.050000000003,24136.04,24195.06,12702
2026-04-15T14:00:00+00:00,24195.06,24213.06,24151.550000000003,24182.04,10447
2026-04-15T15:00:00+00:00,24182.04,24200.550000000003,24140.54,24147.04,9434
2026-04-15T16:00:00+00:00,24147.04,24176.210000000003,24108.7,24123.2,5164
2026-04-15T17:00:00+00:00,24123.2,24156.2,24122.190000000002,24136.210000000003,3098
2026-04-15T18:00:00+00:00,24136.210000000003,24187.820000000003,24125.710000000003,24183.81,4236.575117184397
2026-04-15T19:00:00+00:00,24183.81,24194.81,24158.320000000003,24161.550000000003,3355
2026-04-16T00:00:00+00:00,24161.550000000003,24238.500000000004,24161.550000000003,24230.49,1083
2026-04-16T01:00:00+00:00,24230.49,24230.49,24189.000000000004,24197.500000000004,1846
2026-04-16T02:00:00+00:00,24197.500000000004,24217.49,24193.99,24212.500000000004,1620
2026-04-16T03:00:00+00:00,24212.500000000004,24239.000000000004,24203.480000000003,24209.480000000003,1695
2026-04-16T04:00:00+00:00,24209.480000000003,24222.000000000004,24193.74,24214.49,1475
2026-04-16T05:00:00+00:00,24214.49,24241.500000000004,24202.730000000003,24234.000000000004,2327
2026-04-16T06:00:00+00:00,24234.000000000004,24272.49,24227.99,24245.500000000004,3781
2026-04-16T07:00:00+00:00,24245.500000000004,24248.83,24145.340000000004,24188.340000000004,13349
2026-04-16T08:00:00+00:00,24188.340000000004,24210.850000000002,24141.340000000004,24203.83,9504
2026-04-16T09:00:00+00:00,24203.83,24241.840000000004,24195.83,24235.350000000002,5755
2026-04-16T10:00:00+00:00,24235.350000000002,24284.350000000002,24231.850000000002,24280.850000000002,5852
2026-04-16T11:00:00+00:00,24280.850000000002,24319.83,24268.83,24316.840000000004,5050
2026-04-16T12:00:00+00:00,24316.840000000004,24334.850000000002,24289.340000000004,24320.340000000004,5759
2026-04-16T13:00:00+00:00,24320.340000000004,24344.350000000002,24174.840000000004,24225.840000000004,12968
2026-04-16T14:00:00+00:00,24225.840000000004,24263.840000000004,24185.850000000002,24213.350000000002,16999
2026-04-16T15:00:00+00:00,24213.350000000002,24281.340000000004,24210.840000000004,24249.33,12141
2026-04-16T16:00:00+00:00,24249.33,24257.000000000004,24172.480000000003,24174.500000000004,7399
2026-04-16T17:00:00+00:00,24174.500000000004,24181.500000000004,24135.480000000003,24171.480000000003,5695
2026-04-16T18:00:00+00:00,24171.480000000003,24196.500000000004,24157.49,24194.000000000004,4720
2026-04-16T19:00:00+00:00,24194.000000000004,24207.480000000003,24179.480000000003,24186.24,3478
2026-04-17T00:00:00+00:00,24186.24,24258.910000000003,24186.24,24250.420000000002,899
2026-04-17T01:00:00+00:00,24250.420000000002,24256.420000000002,24225.15,24242.4,1836
2026-04-17T02:00:00+00:00,24242.4,24252.920000000002,24232.170000000002,24237.4,1254
2026-04-17T03:00:00+00:00,24237.4,24239.920000000002,24206.410000000003,24216.4,1221
2026-04-17T04:00:00+00:00,24216.4,24240.410000000003,24205.910000000003,24233.160000000003,1279.160858435277
2026-04-17T05:00:00+00:00,24233.160000000003,24257.410000000003,24213.15,24240.910000000003,1913
2026-04-17T06:00:00+00:00,24240.910000000003,24255.920000000002,24191.9,24218.420000000002,4078
2026-04-17T07:00:00+00:00,24218.420000000002,24330.770000000004,24201.760000000002,24319.250000000004,11805
2026-04-17T08:00:00+00:00,24319.250000000004,24401.260000000002,24309.270000000004,24398.760000000002,9797
2026-04-17T09:00:00+00:00,24398.760000000002,24447.760000000002,24372.250000000004,24412.250000000004,9470
2026-04-17T10:00:00+00:00,24412.250000000004,24419.770000000004,24362.750000000004,24393.250000000004,8094
2026-04-17T11:00:00+00:00,24393.250000000004,24409.760000000002,24334.760000000002,24348.770000000004,7725
2026-04-17T12:00:00+00:00,24348.770000000004,24760.260000000002,24335.270000000004,24697.250000000004,29167
2026-04-17T13:00:00+00:00,24697.250000000004,24823.260000000002,24663.250000000004,24745.270000000004,43083
2026-04-17T14:00:00+00:00,24745.270000000004,24886.270000000004,24726.270000000004,24833.760000000002,24559.413540869267
2026-04-17T15:00:00+00:00,24833.760000000002,24846.250000000004,24770.250000000004,24791.770000000004,20837
2026-04-17T16:00:00+00:00,24791.770000000004,24806.920000000002,24756.9,24784.4,5990
2026-04-17T17:00:00+00:00,24784.4,24790.920000000002,24659.65,24727.410000000003,10048
2026-04-17T18:00:00+00:00,24727.410000000003,24735.4,24680.410000000003,24694.9,7000
2026-04-17T19:00:00+00:00,24694.9,24738.920000000002,24689.910000000003,24730.15,4025
2026-04-20T00:00:00+00:00,24730.15,24730.15,24480.250000000004,24503.020000000004,2187
2026-04-20T01:00:00+00:00,24503.020000000004,24549.000000000004,24500.250000000004,24533.500000000004,3934
2026-04-20T02:00:00+00:00,24533.500000000004,24537.500000000004,24509.250000000004,24520.500000000004,1879
2026-04-20T03:00:00+00:00,24520.500000000004,24533.010000000002,24499.250000000004,24501.260000000002,1771.0515117581187
2026-04-20T04:00:00+00:00,24501.260000000002,24518.010000000002,24468.510000000002,24496.020000000004,2376
2026-04-20T05:00:00+00:00,24496.020000000004,24496.020000000004,24411.270000000004,24455.520000000004,4189
2026-04-20T06:00:00+00:00,24455.520000000004,24478.520000000004,24403.000000000004,24432.510000000002,8335
2026-04-20T07:00:00+00:00,24432.510000000002,24535.370000000003,24409.870000000003,24439.860000000004,25329
2026-04-20T08:00:00+00:00,24439.860000000004,24454.370000000003,24366.860000000004,24419.370000000003,19127
2026-04-20T09:00:00+00:00,24419.370000000003,24464.870000000003,24407.870000000003,24447.360000000004,12270
2026-04-20T10:00:00+00:00,24447.360000000004,24494.370000000003,24436.850000000002,24456.860000000004,10701
2026-04-20T11:00:00+00:00,24456.860000000004,24474.870000000003,24419.850000000002,24468.350000000002,12695
2026-04-20T12:00:00+00:00,24468.350000000002,24480.850000000002,24426.860000000004,24441.350000000002,13980
2026-04-20T13:00:00+00:00,24441.350000000002,24580.850000000002,24422.360000000004,24576.370000000003,25503
2026-04-20T14:00:00+00:00,24576.370000000003,24577.870000000003,24417.850000000002,24489.370000000003,25570
2026-04-20T15:00:00+00:00,24489.370000000003,24529.350000000002,24466.850000000002,24482.370000000003,23124
2026-04-20T16:00:00+00:00,24482.370000000003,24487.020000000004,24456.500000000004,24470.000000000004,6539
2026-04-20T17:00:00+00:00,24470.000000000004,24517.000000000004,24467.010000000002,24500.520000000004,4992
2026-04-20T18:00:00+00:00,24500.520000000004,24522.020000000004,24489.260000000002,24511.020000000004,4723
2026-04-20T19:00:00+00:00,24511.020000000004,24554.260000000002,24507.510000000002,24551.760000000002,3144
2026-04-21T00:00:00+00:00,24551.760000000002,24589.050000000003,24546.280000000002,24575.280000000002,1547
2026-04-21T01:00:00+00:00,24575.280000000002,24590.030000000002,24553.300000000003,24581.54,2578
2026-04-21T02:00:00+00:00,24581.54,24595.04,24571.280000000002,24579.280000000002,1797
2026-04-21T03:00:00+00:00,24579.280000000002,24584.550000000003,24556.280000000002,24575.550000000003,1586.896107311941
2026-04-21T04:00:00+00:00,24575.550000000003,24601.04,24572.300000000003,24595.530000000002,926.3850772937884
2026-04-21T05:00:00+00:00,24595.530000000002,24644.550000000003,24594.54,24623.54,1629
2026-04-21T06:00:00+00:00,24623.54,24633.530000000002,24577.54,24598.530000000002,3927
2026-04-21T07:00:00+00:00,24598.530000000002,24680.9,24572.890000000003,24635.88,17132
2026-04-21T08:00:00+00:00,24635.88,24689.890000000003,24590.890000000003,24660.390000000003,13548
2026-04-21T09:00:00+00:00,24660.390000000003,24686.9,24621.9,24661.9,9579
2026-04-21T10:00:00+00:00,24661.9,24675.9,24625.390000000003,24670.390000000003,7973
2026-04-21T11:00:00+00:00,24670.390000000003,24673.88,24591.890000000003,24593.88,10135
2026-04-21T12:00:00+00:00,24593.88,24602.390000000003,24521.4,24535.4,14359
2026-04-21T13:00:00+00:00,24535.4,24558.9,24487.38,24552.88,21627
2026-04-21T14:00:00+00:00,24552.88,24553.88,24360.88,24367.38,21738
2026-04-21T15:00:00+00:00,24367.38,24404.390000000003,24305.88,24332.4,29368
2026-04-21T16:00:00+00:00,24332.4,24382.54,24280.530000000002,24281.530000000002,10794
2026-04-21T17:00:00+00:00,24281.530000000002,24339.54,24207.04,24285.54,16056
2026-04-21T18:00:00+00:00,24285.54,24321.550000000003,24225.530000000002,24273.050000000003,11218
2026-04-21T19:00:00+00:00,24273.050000000003,24331.050000000003,24100.280000000002,24149.780000000002,17006
2026-04-22T00:00:00+00:00,24149.780000000002,24339.010000000002,24149.780000000002,24321.500000000004,1018
2026-04-22T01:00:00+00:00,24321.500000000004,24327.510000000002,24281.760000000002,24298.49,3186
2026-04-22T02:00:00+00:00,24298.49,24333.510000000002,24295.74,24320.510000000002,2392
2026-04-22T03:00:00+00:00,24320.510000000002,24329.500000000004,24284.760000000002,24292.260000000002,2472.1415933407675
2026-04-22T04:00:00+00:00,24292.260000000002,24322.510000000002,24274.250000000004,24280.010000000002,2244
2026-04-22T05:00:00+00:00,24280.010000000002,24420.510000000002,24271.24,24395.500000000004,5209
2026-04-22T06:00:00+00:00,24395.500000000004,24433.510000000002,24376.99,24433.010000000002,4785
2026-04-22T07:00:00+00:00,24433.010000000002,24470.850000000002,24381.860000000004,24382.840000000004,18252
2026-04-22T08:00:00+00:00,24382.840000000004,24401.350000000002,24289.350000000002,24361.360000000004,17410
2026-04-22T09:00:00+00:00,24361.360000000004,24400.350000000002,24273.840000000004,24290.340000000004,16078
2026-04-22T10:00:00+00:00,24290.340000000004,24322.360000000004,24231.860000000004,24305.340000000004,16382
2026-04-22T11:00:00+00:00,24305.340000000004,24375.360000000004,24295.350000000002,24357.340000000004,14212
2026-04-22T12:00:00+00:00,24357.340000000004,24393.360000000004,24292.360000000004,24305.350000000002,16165
2026-04-22T13:00:00+00:00,24305.350000000002,24383.860000000004,24276.850000000002,24300.350000000002,27699
2026-04-22T14:00:00+00:00,24300.350000000002,24333.860000000004,24223.340000000004,24257.840000000004,23219.96320630749
2026-04-22T15:00:00+00:00,24257.840000000004,24293.860000000004,24234.840000000004,24261.850000000002,16460
2026-04-22T16:00:00+00:00,24261.850000000002,24290.500000000004,24249.510000000002,24254.99,8424
2026-04-22T17:00:00+00:00,24254.99,24308.99,24250.750000000004,24290.49,5042
2026-04-22T18:00:00+00:00,24290.49,24290.49,24228.500000000004,24247.010000000002,3564
2026-04-22T19:00:00+00:00,24247.010000000002,24298.500000000004,24204.49,24286.750000000004,6683
2026-04-23T00:00:00+00:00,24286.750000000004,24286.750000000004,24149.22,24166.22,2901
2026-04-23T01:00:00+00:00,24166.22,24171.230000000003,24058.22,24065.49,6162
2026-04-23T02:00:00+00:00,24065.49,24068.47,23974.230000000003,23977.24,7814
2026-04-23T03:00:00+00:00,23977.24,24007.480000000003,23938.22,23959.22,6824
2026-04-23T04:00:00+00:00,23959.22,24010.97,23946.22,24007.480000000003,4893
2026-04-23T05:00:00+00:00,24007.480000000003,24075.99,23999.24,24075.99,4217
2026-04-23T06:00:00+00:00,24075.99,24118.980000000003,24075.97,24106.99,5915
2026-04-23T07:00:00+00:00,24106.99,24261.83,24096.320000000003,24233.820000000003,21720
2026-04-23T08:00:00+00:00,24233.820000000003,24235.340000000004,24119.820000000003,24121.840000000004,20040
2026-04-23T09:00:00+00:00,24121.840000000004,24169.820000000003,24060.83,24108.340000000004,19641
2026-04-23T10:00:00+00:00,24108.340000000004,24191.33,24083.820000000003,24183.340000000004,16372
2026-04-23T11:00:00+00:00,24183.340000000004,24220.83,24112.320000000003,24202.840000000004,19279
2026-04-23T12:00:00+00:00,24202.840000000004,24277.320000000003,24094.340000000004,24192.320000000003,22149
2026-04-23T13:00:00+00:00,24192.320000000003,24255.340000000004,24152.320000000003,24222.83,21446
2026-04-23T14:00:00+00:00,24222.83,24273.340000000004,24197.83,24265.820000000003,23391
2026-04-23T15:00:00+00:00,24265.820000000003,24327.840000000004,24137.320000000003,24289.320000000003,18259
2026-04-23T16:00:00+00:00,24289.320000000003,24320.480000000003,24257.47,24296.47,7912
2026-04-23T17:00:00+00:00,24296.47,24302.49,23905.230000000003,24100.99,33374
2026-04-23T18:00:00+00:00,24100.99,24200.980000000003,24087.97,24125.47,16140
2026-04-23T19:00:00+00:00,24125.47,24170.49,24101.22,24158.72,11114
2026-04-24T00:00:00+00:00,24158.72,24260.4,24158.72,24224.65,2128
2026-04-24T01:00:00+00:00,24224.65,24231.410000000003,24153.65,24181.410000000003,4732
2026-04-24T02:00:00+00:00,24181.410000000003,24181.410000000003,24108.15,24121.170000000002,3548.472967360787
2026-04-24T03:00:00+00:00,24121.170000000002,24159.910000000003,24102.15,24136.160000000003,3638
2026-04-24T04:00:00+00:00,24136.160000000003,24195.910000000003,24123.160000000003,24189.920000000002,3006
2026-04-24T05:00:00+00:00,24189.920000000002,24268.9,24182.15,24261.9,2949
2026-04-24T06:00:00+00:00,24261.9,24282.920000000002,24235.4,24249.910000000003,4624
2026-04-24T07:00:00+00:00,24249.910000000003,24285.250000000004,24179.250000000004,24239.750000000004,18760
2026-04-24T08:00:00+00:00,24239.750000000004,24267.270000000004,24081.250000000004,24105.250000000004,18394
2026-04-24T09:00:00+00:00,24105.250000000004,24133.270000000004,24053.260000000002,24091.770000000004,15833
2026-04-24T10:00:00+00:00,24091.770000000004,24161.770000000004,24086.760000000002,24133.250000000004,9798
2026-04-24T11:00:00+00:00,24133.250000000004,24396.260000000002,24133.250000000004,24273.270000000004,33546
2026-04-24T12:00:00+00:00,24273.270000000004,24322.250000000004,24145.270000000004,24198.760000000002,18418
2026-04-24T13:00:00+00:00,24198.760000000002,24240.770000000004,24166.750000000004,24180.260000000002,24887
2026-04-24T14:00:00+00:00,24180.260000000002,24242.250000000004,24153.250000000004,24216.760000000002,25091.295858201556
2026-04-24T15:00:00+00:00,24216.760000000002,24364.27,24181.280000000002,24268.280000000002,19947
2026-04-24T16:00:00+00:00,24268.280000000002,24283.920000000002,24229.91,24271.420000000002,7787
2026-04-24T17:00:00+00:00,24271.420000000002,24322.920000000002,24254.920000000002,24287.420000000002,4909
2026-04-24T18:00:00+00:00,24287.420000000002,24290.93,24264.43,24282.91,3510
2026-04-24T19:00:00+00:00,24282.91,24333.920000000002,24282.91,24331.68,4152
2026-04-27T00:00:00+00:00,24331.68,24331.68,24204.23,24243.23,2052
2026-04-27T01:00:00+00:00,24243.23,24329.99,24242.23,24327.99,7929
2026-04-27T02:00:00+00:00,24327.99,24334.98,24288.98,24297,3720
2026-04-27T03:00:00+00:00,24297,24309.49,24282.23,24287.23,3313.543270219274
2026-04-27T04:00:00+00:00,24287.23,24301,24258.23,24264.25,2667
2026-04-27T05:00:00+00:00,24264.25,24268,24203.23,24226.5,4644
2026-04-27T06:00:00+00:00,24226.5,24261.99,24215.98,24246.98,5412
2026-04-27T07:00:00+00:00,24246.98,24300.33,24218.83,24226.34,20254
2026-04-27T08:00:00+00:00,24226.34,24310.34,24198.23,24287.350000000002,15782
2026-04-27T09:00:00+00:00,24287.350000000002,24350.84,24282.83,24336.83,9928
2026-04-27T10:00:00+00:00,24336.83,24412.350000000002,24324.33,24399.83,8894
2026-04-27T11:00:00+00:00,24399.83,24446.34,24380.84,24396.850000000002,9952
2026-04-27T12:00:00+00:00,24396.850000000002,24403.850000000002,24260.84,24271.34,14903
2026-04-27T13:00:00+00:00,24271.34,24314.350000000002,24190.34,24250.83,28262
2026-04-27T14:00:00+00:00,24250.83,24259.350000000002,24151.33,24155.33,28836
2026-04-27T15:00:00+00:00,24155.33,24210.350000000002,24109.83,24205.84,16959
2026-04-27T16:00:00+00:00,24205.84,24220,24188.48,24201.49,5097
2026-04-27T17:00:00+00:00,24201.49,24228.98,24173.5,24198.99,4035
2026-04-27T18:00:00+00:00,24198.99,24216.99,24186,24199.99,2617
2026-04-27T19:00:00+00:00,24199.99,24217.98,24149.75,24155.23,3486
2026-04-28T00:00:00+00:00,24155.23,24206.620000000003,24155.23,24194.61,1440
2026-04-28T01:00:00+00:00,24194.61,24225.11,24177.88,24186.120000000003,3935
2026-04-28T02:00:00+00:00,24186.120000000003,24208.13,24172.88,24183.13,2575
2026-04-28T03:00:00+00:00,24183.13,24211.63,24172.870000000003,24201.63,2160
2026-04-28T04:00:00+00:00,24201.63,24231.11,24191.86,24216.120000000003,2081
2026-04-28T05:00:00+00:00,24216.120000000003,24221.11,24116.620000000003,24150.120000000003,3862
2026-04-28T06:00:00+00:00,24150.120000000003,24171.620000000003,24119.13,24144.11,6486
2026-04-28T07:00:00+00:00,24144.11,24184.48,24054.960000000003,24180.48,25357
2026-04-28T08:00:00+00:00,24180.48,24212.97,24086.97,24198.960000000003,23300
2026-04-28T09:00:00+00:00,24198.960000000003,24217.98,24152.960000000003,24175.960000000003,16033
2026-04-28T10:00:00+00:00,24175.960000000003,24213.47,24157.960000000003,24205.48,13498
2026-04-28T11:00:00+00:00,24205.48,24222.98,24012.960000000003,24031.460000000003,21899
2026-04-28T12:00:00+00:00,24031.460000000003,24138.48,23956.98,24124.48,28111
2026-04-28T13:00:00+00:00,24124.48,24129.97,24039.47,24089.960000000003,28552
2026-04-28T14:00:00+00:00,24089.960000000003,24108.47,24007.960000000003,24083.98,32069
2026-04-28T15:00:00+00:00,24083.98,24120.960000000003,24030.98,24089.47,26573
2026-04-28T16:00:00+00:00,24089.47,24113.13,24049.13,24064.13,10440
2026-04-28T17:00:00+00:00,24064.13,24074.13,24036.620000000003,24049.11,5279
2026-04-28T18:00:00+00:00,24049.11,24070.61,24038.11,24053.11,4929
2026-04-28T19:00:00+00:00,24053.11,24069.63,24037.61,24057.36,4586
2026-04-29T00:00:00+00:00,24057.36,24116.34,24057.36,24105.34,746
2026-04-29T01:00:00+00:00,24105.34,24106.82,24047.58,24074.84,5632
2026-04-29T02:00:00+00:00,24074.84,24104.83,24073.58,24077.33,2821
2026-04-29T03:00:00+00:00,24077.33,24099.33,24065.57,24090.33,1518
2026-04-29T04:00:00+00:00,24090.33,24127.84,24086.57,24109.33,1190
2026-04-29T05:00:00+00:00,24109.33,24161.82,24107.32,24151.34,2208
2026-04-29T06:00:00+00:00,24151.34,24182.32,24103.84,24104.84,5342
2026-04-29T07:00:00+00:00,24104.84,24155.68,24046.170000000002,24056.68,25141
2026-04-29T08:00:00+00:00,24056.68,24088.170000000002,23980.170000000002,24006.170000000002,25776
2026-04-29T09:00:00+00:00,24006.170000000002,24059.690000000002,23969.690000000002,23991.190000000002,20840
2026-04-29T10:00:00+00:00,23991.190000000002,24086.690000000002,23978.170000000002,24044.670000000002,13286
2026-04-29T11:00:00+00:00,24044.670000000002,24076.670000000002,24015.670000000002,24064.190000000002,13177
2026-04-29T12:00:00+00:00,24064.190000000002,24084.190000000002,24017.68,24056.18,13472
2026-04-29T13:00:00+00:00,24056.18,24100.170000000002,23930.170000000002,23994.670000000002,22575
2026-04-29T14:00:00+00:00,23994.670000000002,24065.190000000002,23988.170000000002,24048.670000000002,16124.417385219065
2026-04-29T15:00:00+00:00,24048.670000000002,24062.68,23911.58,23939.690000000002,21007
2026-04-29T16:00:00+00:00,23939.690000000002,23965.34,23873.57,23915.84,11286
2026-04-29T17:00:00+00:00,23915.84,23943.34,23875.33,23935.57,8360
2026-04-29T18:00:00+00:00,23935.57,23950.84,23837.83,23909.82,14833
2026-04-29T19:00:00+00:00,23909.82,23932.83,23869.82,23886.59,9514
2026-04-30T00:00:00+00:00,23886.59,23971.34,23886.59,23960.850000000002,1831
2026-04-30T01:00:00+00:00,23960.850000000002,23983.34,23938.33,23981.84,4736
2026-04-30T02:00:00+00:00,23981.84,23989.33,23843.58,23870.83,6884
2026-04-30T03:00:00+00:00,23870.83,23878.34,23832.58,23834.58,4282
2026-04-30T04:00:00+00:00,23834.58,23837.350000000002,23691.59,23703.83,5564
2026-04-30T05:00:00+00:00,23703.83,23782.84,23696.59,23730.350000000002,6392
2026-04-30T06:00:00+00:00,23730.350000000002,23775.350000000002,23663.33,23760.84,11883
2026-04-30T07:00:00+00:00,23760.84,23943.7,23706.7,23923.2,31109
2026-04-30T08:00:00+00:00,23923.2,23979.2,23914.7,23921.2,27603
2026-04-30T09:00:00+00:00,23921.2,24061.7,23914.18,24034.190000000002,29796
2026-04-30T10:00:00+00:00,24034.190000000002,24111.690000000002,24031.18,24101.2,25576
2026-04-30T11:00:00+00:00,24101.2,24194.190000000002,24098.600000000002,24178.7,21315
2026-04-30T12:00:00+00:00,24178.7,24255.7,24163.190000000002,24208.7,18978
2026-04-30T13:00:00+00:00,24208.7,24248.190000000002,24131.690000000002,24144.68,34638
2026-04-30T14:00:00+00:00,24144.68,24309.2,24132.68,24277.690000000002,37247.469766046794
2026-04-30T15:00:00+00:00,24277.690000000002,24366.710000000003,24267.190000000002,24317.210000000003,22134
2026-04-30T16:00:00+00:00,24317.210000000003,24335.340000000004,24303.340000000004,24314.840000000004,7458
2026-04-30T17:00:00+00:00,24314.840000000004,24353.360000000004,24314.340000000004,24342.350000000002,6271
2026-04-30T18:00:00+00:00,24342.350000000002,24376.840000000004,24340.850000000002,24351.860000000004,4165
2026-04-30T19:00:00+00:00,24351.860000000004,24382.340000000004,24332.340000000004,24335.090000000004,5922
2026-05-04T00:00:00+00:00,24335.090000000004,24374.860000000004,24332.600000000002,24367.350000000002,2026
2026-05-04T01:00:00+00:00,24367.350000000002,24384.370000000003,24334.850000000002,24380.870000000003,4363
2026-05-04T02:00:00+00:00,24380.870000000003,24401.370000000003,24357.350000000002,24388.370000000003,3615
2026-05-04T03:00:00+00:00,24388.370000000003,24408.850000000002,24368.350000000002,24390.610000000004,2023.1397546419098
2026-05-04T04:00:00+00:00,24390.610000000004,24398.850000000002,24364.360000000004,24378.350000000002,1468
2026-05-04T05:00:00+00:00,24378.350000000002,24433.350000000002,24374.860000000004,24420.360000000004,3012
2026-05-04T06:00:00+00:00,24420.360000000004,24434.860000000004,24323.870000000003,24354.860000000004,7285
2026-05-04T07:00:00+00:00,24354.860000000004,24448.210000000003,24300.700000000004,24386.210000000003,17350
2026-05-04T08:00:00+00:00,24386.210000000003,24393.210000000003,24328.200000000004,24337.210000000003,15812
2026-05-04T09:00:00+00:00,24337.210000000003,24442.700000000004,24330.710000000003,24415.200000000004,9022
2026-05-04T10:00:00+00:00,24415.200000000004,24437.220000000005,24102.220000000005,24309.710000000003,43548
2026-05-04T11:00:00+00:00,24309.710000000003,24351.710000000003,24239.200000000004,24297.720000000005,21498
2026-05-04T12:00:00+00:00,24297.720000000005,24353.710000000003,24275.200000000004,24287.710000000003,17432
2026-05-04T13:00:00+00:00,24287.710000000003,24310.200000000004,24194.710000000003,24229.700000000004,27749
2026-05-04T14:00:00+00:00,24229.700000000004,24261.710000000003,24150.700000000004,24155.710000000003,21109
2026-05-04T15:00:00+00:00,24155.710000000003,24198.200000000004,23960.710000000003,23996.200000000004,33469
2026-05-04T16:00:00+00:00,23996.200000000004,24006.350000000002,23879.610000000004,23916.850000000002,23515
2026-05-04T17:00:00+00:00,23916.850000000002,24026.370000000003,23915.350000000002,23996.860000000004,9045
2026-05-04T18:00:00+00:00,23996.860000000004,24015.370000000003,23901.350000000002,23926.370000000003,5761
2026-05-04T19:00:00+00:00,23926.370000000003,23961.370000000003,23916.850000000002,23948.610000000004,6900
2026-05-05T00:00:00+00:00,23948.610000000004,23960.500000000004,23929.730000000003,23954.000000000004,2202
2026-05-05T01:00:00+00:00,23954.000000000004,23960.99,23916.49,23942.500000000004,5734
2026-05-05T02:00:00+00:00,23942.500000000004,23965.980000000003,23937.750000000004,23949.99,4034
2026-05-05T03:00:00+00:00,23949.99,23975.000000000004,23940.000000000004,23966.480000000003,2622
2026-05-05T04:00:00+00:00,23966.480000000003,23985.49,23960.980000000003,23967.480000000003,2342
2026-05-05T05:00:00+00:00,23967.480000000003,24016.500000000004,23952.99,23999.980000000003,4843
2026-05-05T06:00:00+00:00,23999.980000000003,24054.000000000004,23956.500000000004,24052.500000000004,10948
2026-05-05T07:00:00+00:00,24052.500000000004,24249.350000000002,24026.350000000002,24170.840000000004,31661
2026-05-05T08:00:00+00:00,24170.840000000004,24291.350000000002,24160.83,24285.840000000004,24126
2026-05-05T09:00:00+00:00,24285.840000000004,24314.350000000002,24245.33,24300.33,18932
2026-05-05T10:00:00+00:00,24300.33,24360.850000000002,24284.340000000004,24337.350000000002,16414
2026-05-05T11:00:00+00:00,24337.350000000002,24403.33,24301.33,24362.33,19254
2026-05-05T12:00:00+00:00,24362.33,24431.350000000002,24331.840000000004,24362.33,20481
2026-05-05T13:00:00+00:00,24362.33,24406.840000000004,24305.350000000002,24337.33,20481
2026-05-05T14:00:00+00:00,24337.33,24377.350000000002,24261.840000000004,24365.350000000002,29892
2026-05-05T15:00:00+00:00,24365.350000000002,24478.350000000002,24359.33,24450.850000000002,16288
2026-05-05T16:00:00+00:00,24450.850000000002,24453.500000000004,24416.980000000003,24420.000000000004,7470
2026-05-05T17:00:00+00:00,24420.000000000004,24453.500000000004,24410.980000000003,24425.49,4562
2026-05-05T18:00:00+00:00,24425.49,24450.480000000003,24420.49,24444.980000000003,3008
2026-05-05T19:00:00+00:00,24444.980000000003,24475.000000000004,24435.480000000003,24459.750000000004,4243
2026-05-06T00:00:00+00:00,24459.750000000004,24595.31,24459.750000000004,24591.31,2996
2026-05-06T01:00:00+00:00,24591.31,24612.81,24563.31,24569.33,7694
2026-05-06T02:00:00+00:00,24569.33,24578.81,24529.83,24534.33,4895
2026-05-06T03:00:00+00:00,24534.33,24589.33,24530.320000000003,24563.33,3746
2026-05-06T04:00:00+00:00,24563.33,24635.820000000003,24560.820000000003,24614.83,3915
2026-05-06T05:00:00+00:00,24614.83,24650.31,24574.06,24646.31,5328
2026-05-06T06:00:00+00:00,24646.31,24679.33,24619.33,24666.320000000003,8843
2026-05-06T07:00:00+00:00,24666.320000000003,24809.670000000002,24657.680000000004,24801.660000000003,29615
2026-05-06T08:00:00+00:00,24801.660000000003,25109.180000000004,24792.660000000003,25042.170000000002,34599
2026-05-06T09:00:00+00:00,25042.170000000002,25067.680000000004,24958.170000000002,25062.170000000002,35223
2026-05-06T10:00:00+00:00,25062.170000000002,25185.160000000003,25044.160000000003,25153.680000000004,29678
2026-05-06T11:00:00+00:00,25153.680000000004,25194.160000000003,25048.670000000002,25062.680000000004,29696
2026-05-06T12:00:00+00:00,25062.680000000004,25067.660000000003,24872.06,24974.160000000003,30208
2026-05-06T13:00:00+00:00,24974.160000000003,24989.180000000004,24869.160000000003,24911.670000000002,32091
2026-05-06T14:00:00+00:00,24911.670000000002,25029.660000000003,24881.170000000002,24990.180000000004,28532
2026-05-06T15:00:00+00:00,24990.180000000004,25012.180000000004,24936.660000000003,24948.160000000003,17178
2026-05-06T16:00:00+00:00,24948.160000000003,24975.83,24921.81,24937.820000000003,8869
2026-05-06T17:00:00+00:00,24937.820000000003,24961.33,24926.820000000003,24950.81,5251
2026-05-06T18:00:00+00:00,24950.81,24979.33,24947.81,24974.83,5117.492410218438
2026-05-06T19:00:00+00:00,24974.83,25015.320000000003,24970.820000000003,24984.08,4965
2026-05-07T00:00:00+00:00,24984.08,24984.08,24962.790000000005,24976.790000000005,3310
2026-05-07T01:00:00+00:00,24976.790000000005,25029.06,24956.790000000005,25005.540000000005,7759
2026-05-07T02:00:00+00:00,25005.540000000005,25016.06,24989.06,24995.040000000005,6072
2026-05-07T03:00:00+00:00,24995.040000000005,25000.56,24978.56,24980.56,3692
2026-05-07T04:00:00+00:00,24980.56,25009.050000000003,24973.040000000005,24997.040000000005,3269
2026-05-07T05:00:00+00:00,24997.040000000005,25011.06,24954.540000000005,24958.040000000005,3601
2026-05-07T06:00:00+00:00,24958.040000000005,25004.56,24937.050000000003,24992.040000000005,7919
2026-05-07T07:00:00+00:00,24992.040000000005,25050.4,24951.390000000003,24981.890000000003,34614
2026-05-07T08:00:00+00:00,24981.890000000003,25009.910000000003,24908.410000000003,24917.910000000003,23573
2026-05-07T09:00:00+00:00,24917.910000000003,24952.9,24893.390000000003,24907.410000000003,15021
2026-05-07T10:00:00+00:00,24907.410000000003,24936.410000000003,24875.4,24888.390000000003,14961
2026-05-07T11:00:00+00:00,24888.390000000003,24925.410000000003,24872.9,24894.9,13424
2026-05-07T12:00:00+00:00,24894.9,24978.410000000003,24887.890000000003,24948.410000000003,14043
2026-05-07T13:00:00+00:00,24948.410000000003,24948.410000000003,24793.890000000003,24837.9,24633
2026-05-07T14:00:00+00:00,24837.9,24841.410000000003,24755.910000000003,24784.9,23621
2026-05-07T15:00:00+00:00,24784.9,24788.9,24637.390000000003,24651.4,24780
2026-05-07T16:00:00+00:00,24651.4,24663.56,24575.540000000005,24589.540000000005,22080
2026-05-07T17:00:00+00:00,24589.540000000005,24610.540000000005,24469.540000000005,24541.06,24040
2026-05-07T18:00:00+00:00,24541.06,24556.550000000003,24454.800000000003,24505.550000000003,17939
2026-05-07T19:00:00+00:00,24505.550000000003,24528.06,24437.040000000005,24451.790000000005,15453
2026-05-08T00:00:00+00:00,24451.790000000005,24480.670000000002,24445.9,24472.4,707.2384645982498
2026-05-08T01:00:00+00:00,24472.4,24507.15,24460.410000000003,24469.660000000003,5580
2026-05-08T02:00:00+00:00,24469.660000000003,24502.660000000003,24428.4,24470.160000000003,6231
2026-05-08T03:00:00+00:00,24470.160000000003,24495.170000000002,24458.170000000002,24475.65,3886
2026-05-08T04:00:00+00:00,24475.65,24498.670000000002,24450.4,24484.65,4263
2026-05-08T05:00:00+00:00,24484.65,24507.170000000002,24471.4,24493.65,4855
2026-05-08T06:00:00+00:00,24493.65,24531.170000000002,24453.660000000003,24483.65,8405
2026-05-08T07:00:00+00:00,24483.65,24497.020000000004,24412.000000000004,24495.520000000004,27779
2026-05-08T08:00:00+00:00,24495.520000000004,24499.510000000002,24406.010000000002,24419.020000000004,22368
2026-05-08T09:00:00+00:00,24419.020000000004,24521.020000000004,24414.020000000004,24453.010000000002,17861
2026-05-08T10:00:00+00:00,24453.010000000002,24505.010000000002,24431.520000000004,24489.500000000004,14898
2026-05-08T11:00:00+00:00,24489.500000000004,24506.010000000002,24411.020000000004,24442.010000000002,13547
2026-05-08T12:00:00+00:00,24442.010000000002,24484.000000000004,24376.4,24405.520000000004,17383
2026-05-08T13:00:00+00:00,24405.520000000004,24489.010000000002,24387.010000000002,24488.510000000002,24381
2026-05-08T14:00:00+00:00,24488.510000000002,24490.020000000004,24336.510000000002,24342.520000000004,21204.961206707823
2026-05-08T15:00:00+00:00,24342.520000000004,24370.510000000002,24280.010000000002,24362.520000000004,15558
2026-05-08T16:00:00+00:00,24362.520000000004,24393.170000000002,24342.660000000003,24346.660000000003,7564
2026-05-08T17:00:00+00:00,24346.660000000003,24379.170000000002,24340.170000000002,24350.170000000002,4761
2026-05-08T18:00:00+00:00,24350.170000000002,24404.65,24330.15,24339.65,6360
2026-05-08T19:00:00+00:00,24339.65,24425.15,24337.660000000003,24409.920000000002,4938
2026-05-11T00:00:00+00:00,24409.920000000002,24409.920000000002,24235.49,24266.970000000005,4465
2026-05-11T01:00:00+00:00,24266.970000000005,24299.99,24249.74,24284.470000000005,9148
2026-05-11T02:00:00+00:00,24284.470000000005,24299.970000000005,24272.720000000005,24278.470000000005,4649
2026-05-11T03:00:00+00:00,24278.470000000005,24320.480000000003,24257.74,24308.970000000005,4462
2026-05-11T04:00:00+00:00,24308.970000000005,24323.470000000005,24280.970000000005,24289.470000000005,2699
2026-05-11T05:00:00+00:00,24289.470000000005,24300.980000000003,24261.480000000003,24286.49,3570
2026-05-11T06:00:00+00:00,24286.49,24318.49,24274.470000000005,24314.980000000003,5518
2026-05-11T07:00:00+00:00,24314.980000000003,24359.33,24269.820000000003,24306.340000000004,21309
2026-05-11T08:00:00+00:00,24306.340000000004,24376.83,24284.33,24301.320000000003,17238
2026-05-11T09:00:00+00:00,24301.320000000003,24370.320000000003,24284.840000000004,24317.33,11395
2026-05-11T10:00:00+00:00,24317.33,24328.340000000004,24285.320000000003,24302.840000000004,10995
2026-05-11T11:00:00+00:00,24302.840000000004,24324.820000000003,24226.320000000003,24247.83,9595
2026-05-11T12:00:00+00:00,24247.83,24290.33,24210.340000000004,24272.340000000004,12603
2026-05-11T13:00:00+00:00,24272.340000000004,24349.340000000004,24267.820000000003,24327.33,13106
2026-05-11T14:00:00+00:00,24327.33,24329.340000000004,24265.33,24303.33,15159
2026-05-11T15:00:00+00:00,24303.33,24370.840000000004,24294.340000000004,24337.33,11318
2026-05-11T16:00:00+00:00,24337.33,24337.99,24257.980000000003,24267.980000000003,6628
2026-05-11T17:00:00+00:00,24267.980000000003,24304.99,24252.99,24293.480000000003,3460
2026-05-11T18:00:00+00:00,24293.480000000003,24312.49,24271.49,24272.99,3466
2026-05-11T19:00:00+00:00,24272.99,24301.480000000003,24250.480000000003,24299.24,4312
2026-05-12T00:00:00+00:00,24299.24,24299.24,24244.24,24249.99,1975
2026-05-12T01:00:00+00:00,24249.99,24258.010000000002,24075.260000000002,24144.99,10207
2026-05-12T02:00:00+00:00,24144.99,24209.510000000002,24135.260000000002,24202.49,7533
2026-05-12T03:00:00+00:00,24202.49,24209.99,24152.24,24158.010000000002,3923
2026-05-12T04:00:00+00:00,24158.010000000002,24178.010000000002,24137.250000000004,24142.49,3866
2026-05-12T05:00:00+00:00,24142.49,24183.010000000002,24131.24,24179.010000000002,4736
2026-05-12T06:00:00+00:00,24179.010000000002,24194.000000000004,24063.500000000004,24076.010000000002,7205
2026-05-12T07:00:00+00:00,24076.010000000002,24210.340000000004,24020.840000000004,24144.340000000004,23809
2026-05-12T08:00:00+00:00,24144.340000000004,24200.350000000002,24114.360000000004,24145.850000000002,18073
2026-05-12T09:00:00+00:00,24145.850000000002,24227.850000000002,24103.350000000002,24114.360000000004,17274
2026-05-12T10:00:00+00:00,24114.360000000004,24137.860000000004,24083.850000000002,24105.840000000004,10840
2026-05-12T11:00:00+00:00,24105.840000000004,24165.360000000004,24084.360000000004,24103.840000000004,11848
2026-05-12T12:00:00+00:00,24103.840000000004,24175.860000000004,24057.350000000002,24148.850000000002,14030
2026-05-12T13:00:00+00:00,24148.850000000002,24152.360000000004,24027.850000000002,24040.360000000004,18003
2026-05-12T14:00:00+00:00,24040.360000000004,24084.360000000004,23983.840000000004,23987.340000000004,20959
2026-05-12T15:00:00+00:00,23987.340000000004,23995.860000000004,23937.340000000004,23975.350000000002,16798
2026-05-12T16:00:00+00:00,23975.350000000002,24011.010000000002,23960.99,23999.010000000002,11407
2026-05-12T17:00:00+00:00,23999.010000000002,24055.49,23997.49,24033.000000000004,6144
2026-05-12T18:00:00+00:00,24033.000000000004,24066.000000000004,24017.010000000002,24052.500000000004,5803
2026-05-12T19:00:00+00:00,24052.500000000004,24092.000000000004,24049.510000000002,24073.24,4503
2026-05-13T00:00:00+00:00,24073.24,24073.24,24018.430000000004,24048.170000000002,3562
2026-05-13T01:00:00+00:00,24048.170000000002,24095.170000000002,24044.160000000003,24069.180000000004,7225
2026-05-13T02:00:00+00:00,24069.180000000004,24080.680000000004,24055.160000000003,24062.170000000002,4694
2026-05-13T03:00:00+00:00,24062.170000000002,24108.680000000004,24055.410000000003,24100.170000000002,3684
2026-05-13T04:00:00+00:00,24100.170000000002,24131.680000000004,24087.670000000002,24129.660000000003,2985
2026-05-13T05:00:00+00:00,24129.660000000003,24159.170000000002,24097.420000000002,24153.670000000002,3915
2026-05-13T06:00:00+00:00,24153.670000000002,24198.170000000002,24142.170000000002,24185.660000000003,5606
2026-05-13T07:00:00+00:00,24185.660000000003,24219.020000000004,24104.520000000004,24153.530000000002,24651
2026-05-13T08:00:00+00:00,24153.530000000002,24237.030000000002,24127.010000000002,24157.030000000002,18428
2026-05-13T09:00:00+00:00,24157.030000000002,24177.520000000004,24085.030000000002,24160.020000000004,15617
2026-05-13T10:00:00+00:00,24160.020000000004,24188.020000000004,24102.520000000004,24129.510000000002,14514
2026-05-13T11:00:00+00:00,24129.510000000002,24198.530000000002,24114.010000000002,24189.510000000002,9615
2026-05-13T12:00:00+00:00,24189.510000000002,24203.010000000002,24014.510000000002,24072.010000000002,15012
2026-05-13T13:00:00+00:00,24072.010000000002,24130.530000000002,24072.010000000002,24105.020000000004,21554
2026-05-13T14:00:00+00:00,24105.020000000004,24160.020000000004,24085.020000000004,24123.510000000002,17547.733144923717
2026-05-13T15:00:00+00:00,24123.510000000002,24176.530000000002,24096.010000000002,24126.510000000002,13631
2026-05-13T16:00:00+00:00,24126.510000000002,24199.680000000004,24124.160000000003,24186.670000000002,9631
2026-05-13T17:00:00+00:00,24186.670000000002,24203.660000000003,24178.160000000003,24180.180000000004,4011
2026-05-13T18:00:00+00:00,24180.180000000004,24218.660000000003,24178.160000000003,24210.660000000003,4498
2026-05-13T19:00:00+00:00,24210.660000000003,24243.680000000004,24208.670000000002,24237.910000000003,4289
2026-05-14T00:00:00+00:00,24237.910000000003,24296.620000000003,24237.910000000003,24291.600000000002,2308
2026-05-14T01:00:00+00:00,24291.600000000002,24295.610000000004,24225.600000000002,24228.600000000002,5163
2026-05-14T02:00:00+00:00,24228.600000000002,24243.600000000002,24208.600000000002,24223.620000000003,3980
2026-05-14T03:00:00+00:00,24223.620000000003,24241.620000000003,24207.610000000004,24216.600000000002,4941
2026-05-14T04:00:00+00:00,24216.600000000002,24246.120000000003,24198.120000000003,24221.610000000004,3489
2026-05-14T05:00:00+00:00,24221.610000000004,24258.120000000003,24194.600000000002,24252.110000000004,7472
2026-05-14T06:00:00+00:00,24252.110000000004,24353.110000000004,24252.110000000004,24337.110000000004,7583
2026-05-14T07:00:00+00:00,24337.110000000004,24410.970000000005,24319.450000000004,24332.970000000005,19731
2026-05-14T08:00:00+00:00,24332.970000000005,24441.470000000005,24325.450000000004,24428.460000000003,16989
2026-05-14T09:00:00+00:00,24428.460000000003,24470.950000000004,24391.450000000004,24451.470000000005,14896
2026-05-14T10:00:00+00:00,24451.470000000005,24499.450000000004,24423.460000000003,24457.950000000004,16034
2026-05-14T11:00:00+00:00,24457.950000000004,24495.950000000004,24433.970000000005,24474.460000000003,11988
2026-05-14T12:00:00+00:00,24474.460000000003,24492.970000000005,24416.450000000004,24445.960000000003,11467
2026-05-14T13:00:00+00:00,24445.960000000003,24450.970000000005,24358.450000000004,24365.470000000005,17277
2026-05-14T14:00:00+00:00,24365.470000000005,24479.970000000005,24356.950000000004,24460.960000000003,16683
2026-05-14T15:00:00+00:00,24460.960000000003,24488.960000000003,24427.450000000004,24436.970000000005,10747
2026-05-14T16:00:00+00:00,24436.970000000005,24448.620000000003,24360.100000000002,24380.110000000004,8921
2026-05-14T17:00:00+00:00,24380.110000000004,24396.120000000003,24306.100000000002,24339.110000000004,7997
2026-05-14T18:00:00+00:00,24339.110000000004,24374.610000000004,24300.120000000003,24371.100000000002,6156
2026-05-14T19:00:00+00:00,24371.100000000002,24377.600000000002,24329.600000000002,24337.850000000002,4781
2026-05-15T00:00:00+00:00,24337.850000000002,24337.850000000002,24274.540000000005,24284.550000000003,4017
2026-05-15T01:00:00+00:00,24284.550000000003,24288.050000000003,24155.050000000003,24156.550000000003,12257
2026-05-15T02:00:00+00:00,24156.550000000003,24219.530000000002,24136.530000000002,24198.530000000002,10078
2026-05-15T03:00:00+00:00,24198.530000000002,24208.550000000003,24142.050000000003,24186.530000000002,6040
2026-05-15T04:00:00+00:00,24186.530000000002,24188.030000000002,24135.530000000002,24137.550000000003,5928
2026-05-15T05:00:00+00:00,24137.550000000003,24141.550000000003,24076.540000000005,24101.540000000005,10819
2026-05-15T06:00:00+00:00,24101.540000000005,24206.040000000005,24100.530000000002,24204.550000000003,12259
2026-05-15T07:00:00+00:00,24204.550000000003,24297.880000000005,24178.390000000003,24202.390000000003,22792
2026-05-15T08:00:00+00:00,24202.390000000003,24212.380000000005,24004.380000000005,24083.390000000003,28051
2026-05-15T09:00:00+00:00,24083.390000000003,24097.9,24016.9,24054.4,22390
2026-05-15T10:00:00+00:00,24054.4,24173.4,24027.380000000005,24160.390000000003,28109
2026-05-15T11:00:00+00:00,24160.390000000003,24176.9,24012.380000000005,24015.880000000005,18248
2026-05-15T12:00:00+00:00,24015.880000000005,24015.880000000005,23939.380000000005,23986.4,16313
2026-05-15T13:00:00+00:00,23986.4,24025.4,23924.9,23937.890000000003,25156
2026-05-15T14:00:00+00:00,23937.890000000003,24024.4,23914.380000000005,23993.390000000003,30689.102285675985
2026-05-15T15:00:00+00:00,23993.390000000003,24006.9,23861.4,23891.390000000003,20603
2026-05-15T16:00:00+00:00,23891.390000000003,23912.54,23869.04,23901.56,12721
2026-05-15T17:00:00+00:00,23901.56,23951.550000000003,23897.04,23947.050000000003,5829
2026-05-15T18:00:00+00:00,23947.050000000003,23958.06,23894.04,23919.550000000003,7379
2026-05-15T19:00:00+00:00,23919.550000000003,23928.050000000003,23891.54,23903.79,6822
2026-05-18T00:00:00+00:00,23903.79,23903.79,23751.11,23816.88,4972
2026-05-18T01:00:00+00:00,23816.88,23823.88,23682.12,23742.38,22215
2026-05-18T02:00:00+00:00,23742.38,23771.86,23696.36,23702.38,13040
2026-05-18T03:00:00+00:00,23702.38,23739.87,23679.11,23717.87,10730
2026-05-18T04:00:00+00:00,23717.87,23773.38,23701.88,23721.87,9502
2026-05-18T05:00:00+00:00,23721.87,23779.37,23705.36,23742.37,11794
2026-05-18T06:00:00+00:00,23742.37,23764.37,23635.86,23763.37,13244
2026-05-18T07:00:00+00:00,23763.37,23903.22,23763.37,23877.72,28113
2026-05-18T08:00:00+00:00,23877.72,24003.73,23875.71,23996.73,14989
2026-05-18T09:00:00+00:00,23996.73,24018.72,23969.21,24015.72,10873
2026-05-18T10:00:00+00:00,24015.72,24030.73,23946.71,23987.73,13388
2026-05-18T11:00:00+00:00,23987.73,24248.23,23932.21,24138.71,26987
2026-05-18T12:00:00+00:00,24138.71,24383.73,24127.71,24383.21,24551
2026-05-18T13:00:00+00:00,24383.21,24440.73,24311.22,24412.71,29428
2026-05-18T14:00:00+00:00,24412.71,24438.73,24312.71,24358.73,40237
2026-05-18T15:00:00+00:00,24358.73,24367.73,24246.21,24321.22,32172
2026-05-18T16:00:00+00:00,24321.22,24341.38,24241.88,24268.87,18553
2026-05-18T17:00:00+00:00,24268.87,24320.36,24244.86,24294.86,10869
2026-05-18T18:00:00+00:00,24294.86,24301.86,24164.38,24169.86,13546
2026-05-18T19:00:00+00:00,24169.86,24404.36,24164.36,24399.11,16157
2026-05-19T00:00:00+00:00,24399.11,24399.11,24326.46,24335.19,6332
2026-05-19T01:00:00+00:00,24335.19,24370.7,24286.45,24323.69,14432
2026-05-19T02:00:00+00:00,24323.69,24324.19,24267.710000000003,24287.7,11868
2026-05-19T03:00:00+00:00,24287.7,24339.710000000003,24264.45,24279.710000000003,7082
2026-05-19T04:00:00+00:00,24279.710000000003,24283.710000000003,24198.45,24271.72,9060
2026-05-19T05:00:00+00:00,24271.72,24313.710000000003,24230.47,24289.74,11207
2026-05-19T06:00:00+00:00,24289.74,24368.250000000004,24264.22,24336.780000000002,9922
2026-05-19T07:00:00+00:00,24336.780000000002,24668.63,24330.110000000004,24641.610000000004,24346
2026-05-19T08:00:00+00:00,24641.610000000004,24656.13,24528.63,24644.110000000004,21280
2026-05-19T09:00:00+00:00,24644.110000000004,24657.63,24567.110000000004,24622.110000000004,21918
2026-05-19T10:00:00+00:00,24622.110000000004,24699.620000000003,24597.610000000004,24664.620000000003,19979
2026-05-19T11:00:00+00:00,24664.620000000003,24673.63,24562.620000000003,24567.120000000003,16841
2026-05-19T12:00:00+00:00,24567.120000000003,24641.63,24551.610000000004,24618.120000000003,15092
2026-05-19T13:00:00+00:00,24618.120000000003,24625.63,24438.610000000004,24496.620000000003,36435
2026-05-19T14:00:00+00:00,24496.620000000003,24554.620000000003,24361.610000000004,24442.110000000004,39706
2026-05-19T15:00:00+00:00,24442.110000000004,24482.610000000004,24370.610000000004,24387.63,24889
2026-05-19T16:00:00+00:00,24387.63,24415.780000000002,24346.270000000004,24393.780000000002,12957
2026-05-19T17:00:00+00:00,24393.780000000002,24410.260000000002,24376.760000000002,24401.260000000002,6138
2026-05-19T18:00:00+00:00,24401.260000000002,24420.280000000002,24336.280000000002,24343.770000000004,6792
2026-05-19T19:00:00+00:00,24343.770000000004,24390.780000000002,24302.780000000002,24329.510000000002,7223
2026-05-20T00:00:00+00:00,24329.510000000002,24338.440000000002,24267.680000000004,24294.700000000004,5973
2026-05-20T01:00:00+00:00,24294.700000000004,24325.680000000004,24218.680000000004,24285.690000000002,17083
2026-05-20T02:00:00+00:00,24285.690000000002,24316.690000000002,24195.690000000002,24205.700000000004,12530
2026-05-20T03:00:00+00:00,24205.700000000004,24257.940000000002,24156.700000000004,24238.440000000002,8214
2026-05-20T04:00:00+00:00,24238.440000000002,24284.440000000002,24224.680000000004,24240.450000000004,6140
2026-05-20T05:00:00+00:00,24240.450000000004,24299.440000000002,24236.680000000004,24285.680000000004,8051
2026-05-20T06:00:00+00:00,24285.680000000004,24370.450000000004,24276.680000000004,24366.430000000004,7436
2026-05-20T07:00:00+00:00,24366.430000000004,24416.790000000005,24312.280000000002,24313.780000000002,14538
2026-05-20T08:00:00+00:00,24313.780000000002,24461.290000000005,24281.780000000002,24440.280000000002,16020
2026-05-20T09:00:00+00:00,24440.280000000002,24501.790000000005,24428.280000000002,24491.790000000005,8826
2026-05-20T10:00:00+00:00,24491.790000000005,24596.280000000002,24489.280000000002,24525.280000000002,8025
2026-05-20T11:00:00+00:00,24525.280000000002,24548.780000000002,24488.780000000002,24507.800000000003,8241
2026-05-20T12:00:00+00:00,24507.800000000003,24570.790000000005,24473.280000000002,24475.280000000002,9118
2026-05-20T13:00:00+00:00,24475.280000000002,24553.800000000003,24441.780000000002,24545.790000000005,15558
2026-05-20T14:00:00+00:00,24545.790000000005,24738.290000000005,24463.300000000003,24683.300000000003,38784
2026-05-20T15:00:00+00:00,24683.300000000003,24899.800000000003,24674.290000000005,24719.280000000002,26560
2026-05-20T16:00:00+00:00,24719.280000000002,24751.950000000004,24677.680000000004,24725.940000000002,12820
2026-05-20T17:00:00+00:00,24725.940000000002,24771.450000000004,24707.950000000004,24745.440000000002,8366
2026-05-20T18:00:00+00:00,24745.440000000002,24771.950000000004,24729.680000000004,24761.440000000002,5178
2026-05-20T19:00:00+00:00,24761.440000000002,24795.940000000002,24750.930000000004,24782.200000000004,4007
2026-05-21T00:00:00+00:00,24782.200000000004,24782.200000000004,24698.520000000004,24744.770000000004,2614
2026-05-21T01:00:00+00:00,24744.770000000004,24794.270000000004,24742.520000000004,24785.770000000004,7299
2026-05-21T02:00:00+00:00,24785.770000000004,24812.290000000005,24739.520000000004,24753.780000000002,5095
2026-05-21T03:00:00+00:00,24753.780000000002,24767.770000000004,24709.530000000002,24729.790000000005,4074
2026-05-21T04:00:00+00:00,24729.790000000005,24778.280000000002,24724.520000000004,24763.520000000004,3123
2026-05-21T05:00:00+00:00,24763.520000000004,24783.280000000002,24647.520000000004,24688.270000000004,6260
2026-05-21T06:00:00+00:00,24688.270000000004,24740.770000000004,24658.770000000004,24677.290000000005,7874
2026-05-21T07:00:00+00:00,24677.290000000005,24739.140000000003,24600.520000000004,24717.640000000003,16353
2026-05-21T08:00:00+00:00,24717.640000000003,24867.120000000003,24713.140000000003,24799.120000000003,19444
2026-05-21T09:00:00+00:00,24799.120000000003,24898.63,24789.120000000003,24865.620000000003,13000
2026-05-21T10:00:00+00:00,24865.620000000003,24883.63,24529.530000000002,24572.620000000003,32339
2026-05-21T11:00:00+00:00,24572.620000000003,24657.13,24553.13,24600.620000000003,16373
2026-05-21T12:00:00+00:00,24600.620000000003,24622.63,24540.620000000003,24585.640000000003,18680
2026-05-21T13:00:00+00:00,24585.640000000003,24711.640000000003,24534.120000000003,24696.620000000003,25146
2026-05-21T14:00:00+00:00,24696.620000000003,24724.640000000003,24610.120000000003,24716.63,23500
2026-05-21T15:00:00+00:00,24716.63,24726.640000000003,24607.63,24640.620000000003,18377
2026-05-21T16:00:00+00:00,24640.620000000003,24681.790000000005,24633.770000000004,24651.780000000002,10247
2026-05-21T17:00:00+00:00,24651.780000000002,24925.780000000002,24651.290000000005,24895.270000000004,18090
2026-05-21T18:00:00+00:00,24895.270000000004,24913.270000000004,24773.540000000005,24806.780000000002,13120
2026-05-21T19:00:00+00:00,24806.780000000002,24875.290000000005,24796.270000000004,24841.530000000002,9782
2026-05-22T00:00:00+00:00,24841.530000000002,24879.140000000003,24841.530000000002,24859.390000000003,1732.564751979318
2026-05-22T01:00:00+00:00,24859.390000000003,24883.63,24838.390000000003,24866.140000000003,5622
2026-05-22T02:00:00+00:00,24866.140000000003,24889.140000000003,24836.390000000003,24880.120000000003,4748
2026-05-22T03:00:00+00:00,24880.120000000003,24887.13,24838.890000000003,24865.620000000003,2622.977504305776
2026-05-22T04:00:00+00:00,24865.620000000003,24922.63,24861.620000000003,24885.88,2958
2026-05-22T05:00:00+00:00,24885.88,24925.620000000003,24832.870000000003,24833.88,4593
2026-05-22T06:00:00+00:00,24833.88,24892.620000000003,24813.870000000003,24868.13,6382
2026-05-22T07:00:00+00:00,24868.13,24869.99,24711.97,24754.99,16811
2026-05-22T08:00:00+00:00,24754.99,24792.97,24665.99,24740.97,16006
2026-05-22T09:00:00+00:00,24740.97,24786.980000000003,24705.980000000003,24780.99,10479
2026-05-22T10:00:00+00:00,24780.99,24818.480000000003,24766.97,24778.99,7256
2026-05-22T11:00:00+00:00,24778.99,24853.980000000003,24743.47,24806.980000000003,8153
2026-05-22T12:00:00+00:00,24806.980000000003,24955.980000000003,24803.480000000003,24918.97,17103
2026-05-22T13:00:00+00:00,24918.97,24945.49,24869.99,24887.97,19481
2026-05-22T14:00:00+00:00,24887.97,24919.99,24829.97,24909.97,12847.590091643673
2026-05-22T15:00:00+00:00,24909.97,24938.460000000003,24846.45,24860.95,8432
2026-05-22T16:00:00+00:00,24860.95,24874.120000000003,24838.620000000003,24850.11,6017
2026-05-22T17:00:00+00:00,24850.11,24939.61,24802.36,24854.120000000003,8813
2026-05-22T18:00:00+00:00,24854.120000000003,24870.61,24818.61,24842.61,5394
2026-05-22T19:00:00+00:00,24842.61,24844.100000000002,24786.350000000002,24801.86,6574
2026-05-25T00:00:00+00:00,24801.86,25095.88,24801.86,25039.88,1686
2026-05-25T01:00:00+00:00,25039.88,25123.15,25036.890000000003,25112.65,3820
2026-05-25T02:00:00+00:00,25112.65,25143.13,25103.9,25129.13,2771.294146907644
2026-05-25T03:00:00+00:00,25129.13,25178.63,25117.88,25150.15,3575
2026-05-25T04:00:00+00:00,25150.15,25205.65,25144.88,25180.65,1788
2026-05-25T05:00:00+00:00,25180.65,25233.63,25154.63,25155.15,2613.4128365515367
2026-05-25T06:00:00+00:00,25155.15,25165.640000000003,25101.63,25129.63,4456
2026-05-25T07:00:00+00:00,25129.63,25222.000000000004,25060.500000000004,25183.000000000004,12776
2026-05-25T08:00:00+00:00,25183.000000000004,25207.500000000004,25151.99,25187.500000000004,5527
2026-05-25T09:00:00+00:00,25187.500000000004,25255.480000000003,25184.500000000004,25235.500000000004,3979
2026-05-25T10:00:00+00:00,25235.500000000004,25279.500000000004,25222.980000000003,25258.480000000003,3675
2026-05-25T11:00:00+00:00,25258.480000000003,25302.980000000003,25231.000000000004,25276.500000000004,3776
2026-05-25T12:00:00+00:00,25276.500000000004,25337.49,25265.49,25283.500000000004,4428
2026-05-25T13:00:00+00:00,25283.500000000004,25342.000000000004,25267.980000000003,25327.49,3806
2026-05-25T14:00:00+00:00,25327.49,25387.99,25321.000000000004,25373.99,3799
2026-05-25T15:00:00+00:00,25373.99,25455.000000000004,25350.49,25406.980000000003,7248
2026-05-25T16:00:00+00:00,25406.980000000003,25408.13,25381.640000000003,25403.15,1231
2026-05-25T17:00:00+00:00,25403.15,25421.65,25391.640000000003,25399.65,661.0800282846359
2026-05-25T18:00:00+00:00,25399.65,25403.15,25384.13,25393.140000000003,519.190309148743
2026-05-25T19:00:00+00:00,25393.140000000003,25405.9,25382.63,25405.390000000003,689.478431372549
2026-05-26T00:00:00+00:00,25405.390000000003,25405.390000000003,25307.58,25312.590000000004,3337
2026-05-26T01:00:00+00:00,25312.590000000004,25346.340000000004,25289.58,25322.58,9922
2026-05-26T02:00:00+00:00,25322.58,25348.340000000004,25308.58,25337.33,5188
2026-05-26T03:00:00+00:00,25337.33,25359.83,25308.58,25352.33,4267
2026-05-26T04:00:00+00:00,25352.33,25354.340000000004,25310.58,25326.33,3891
2026-05-26T05:00:00+00:00,25326.33,25335.350000000002,25298.58,25310.33,3902
2026-05-26T06:00:00+00:00,25310.33,25385.83,25302.340000000004,25364.33,5034
2026-05-26T07:00:00+00:00,25364.33,25383.190000000002,25249.180000000004,25279.7,17683
2026-05-26T08:00:00+00:00,25279.7,25293.7,25188.680000000004,25193.690000000002,10420
2026-05-26T09:00:00+00:00,25193.690000000002,25248.2,25179.190000000002,25221.180000000004,8650
2026-05-26T10:00:00+00:00,25221.180000000004,25308.2,25202.7,25279.680000000004,8247
2026-05-26T11:00:00+00:00,25279.680000000004,25298.2,25217.180000000004,25267.180000000004,7562
2026-05-26T12:00:00+00:00,25267.180000000004,25294.7,25230.180000000004,25273.690000000002,6597
2026-05-26T13:00:00+00:00,25273.690000000002,25297.2,25218.7,25262.7,11011
2026-05-26T14:00:00+00:00,25262.7,25295.690000000002,25219.690000000002,25246.7,11012
2026-05-26T15:00:00+00:00,25246.7,25248.7,25169.680000000004,25203.690000000002,11082
2026-05-26T16:00:00+00:00,25203.690000000002,25237.850000000002,25195.33,25203.850000000002,5313
2026-05-26T17:00:00+00:00,25203.850000000002,25213.350000000002,25187.340000000004,25191.850000000002,3699
2026-05-26T18:00:00+00:00,25191.850000000002,25215.850000000002,25180.340000000004,25210.350000000002,2961
2026-05-26T19:00:00+00:00,25210.350000000002,25255.340000000004,25200.350000000002,25246.08,2730
2026-05-27T00:00:00+00:00,25246.08,25273.9,25246.08,25267.140000000003,2816
2026-05-27T01:00:00+00:00,25267.140000000003,25272.9,25234.13,25238.390000000003,7602
2026-05-27T02:00:00+00:00,25238.390000000003,25267.38,25231.13,25248.890000000003,4231
2026-05-27T03:00:00+00:00,25248.890000000003,25260.9,25222.13,25226.140000000003,3589
2026-05-27T04:00:00+00:00,25226.140000000003,25265.890000000003,25220.140000000003,25260.4,3741
2026-05-27T05:00:00+00:00,25260.4,25293.890000000003,25245.4,25285.9,5913
2026-05-27T06:00:00+00:00,25285.9,25303.4,25252.88,25293.390000000003,3898
2026-05-27T07:00:00+00:00,25293.390000000003,25372.74,25291.24,25349.250000000004,13719
2026-05-27T08:00:00+00:00,25349.250000000004,25380.74,25317.74,25344.750000000004,10768
2026-05-27T09:00:00+00:00,25344.750000000004,25404.750000000004,25341.230000000003,25364.750000000004,7162
2026-05-27T10:00:00+00:00,25364.750000000004,25390.74,25329.730000000003,25361.24,6241
2026-05-27T11:00:00+00:00,25361.24,25370.730000000003,25267.730000000003,25269.230000000003,6778
2026-05-27T12:00:00+00:00,25269.230000000003,25382.24,25236.230000000003,25270.230000000003,20051
2026-05-27T13:00:00+00:00,25270.230000000003,25293.750000000004,25222.750000000004,25262.230000000003,16576
2026-05-27T14:00:00+00:00,25262.230000000003,25273.730000000003,25109.140000000003,25224.74,18656.808661248422
2026-05-27T15:00:00+00:00,25224.74,25247.74,25140.74,25170.730000000003,14162
2026-05-27T16:00:00+00:00,25170.730000000003,25214.4,25142.890000000003,25199.390000000003,5585
2026-05-27T17:00:00+00:00,25199.390000000003,25203.9,25160.38,25173.4,4108
2026-05-27T18:00:00+00:00,25173.4,25212.390000000003,25156.390000000003,25199.9,2366
2026-05-27T19:00:00+00:00,25199.9,25236.38,25199.9,25216.15,2756
2026-05-28T00:00:00+00:00,25216.15,25216.15,25147.04,25203.04,3540
2026-05-28T01:00:00+00:00,25203.04,25211.29,25150.81,25184.79,7535
2026-05-28T02:00:00+00:00,25184.79,25199.31,25119.800000000003,25122.31,5792
2026-05-28T03:00:00+00:00,25122.31,25128.800000000003,24967.04,24971.81,11464
2026-05-28T04:00:00+00:00,24971.81,24983.29,24916.04,24964.81,8179
2026-05-28T05:00:00+00:00,24964.81,25079.800000000003,24945.04,25064.300000000003,7415
2026-05-28T06:00:00+00:00,25064.300000000003,25109.79,25053.29,25095.800000000003,4472
2026-05-28T07:00:00+00:00,25095.800000000003,25171.660000000003,25080.160000000003,25152.140000000003,14301
2026-05-28T08:00:00+00:00,25152.140000000003,25187.160000000003,25129.15,25171.140000000003,11021
2026-05-28T09:00:00+00:00,25171.140000000003,25189.640000000003,25118.15,25135.65,7409
2026-05-28T10:00:00+00:00,25135.65,25149.660000000003,25014.640000000003,25049.65,9506
2026-05-28T11:00:00+00:00,25049.65,25081.640000000003,25037.140000000003,25037.140000000003,8376
2026-05-28T12:00:00+00:00,25037.140000000003,25089.160000000003,25004.160000000003,25083.160000000003,7625
2026-05-28T13:00:00+00:00,25083.160000000003,25109.160000000003,24979.640000000003,25049.160000000003,11675
2026-05-28T14:00:00+00:00,25049.160000000003,25262.65,25011.15,25059.15,28071
2026-05-28T15:00:00+00:00,25059.15,25108.640000000003,25053.140000000003,25096.140000000003,10332
2026-05-28T16:00:00+00:00,25096.140000000003,25166.81,25078.31,25161.300000000003,5020
2026-05-28T17:00:00+00:00,25161.300000000003,25165.81,25125.29,25132.79,2350
2026-05-28T18:00:00+00:00,25132.79,25145.300000000003,25086.800000000003,25102.79,3682
2026-05-28T19:00:00+00:00,25102.79,25111.31,25088.29,25095.56,2590
2026-05-29T00:00:00+00:00,25095.56,25095.56,25062.260000000002,25080.250000000004,1840.3566346365437
2026-05-29T01:00:00+00:00,25080.250000000004,25121.020000000004,25068.250000000004,25107.510000000002,7475
2026-05-29T02:00:00+00:00,25107.510000000002,25134.020000000004,25100.260000000002,25111.250000000004,4951
2026-05-29T03:00:00+00:00,25111.250000000004,25161.000000000004,25108.260000000002,25145.500000000004,4282
2026-05-29T04:00:00+00:00,25145.500000000004,25178.000000000004,25142.250000000004,25168.260000000002,3272
2026-05-29T05:00:00+00:00,25168.260000000002,25181.520000000004,25148.250000000004,25170.010000000002,2757
2026-05-29T06:00:00+00:00,25170.010000000002,25203.520000000004,25144.510000000002,25185.500000000004,3824
2026-05-29T07:00:00+00:00,25185.500000000004,25186.86,25078.350000000002,25166.350000000002,14082
2026-05-29T08:00:00+00:00,25166.350000000002,25187.370000000003,25116.350000000002,25121.36,8763
2026-05-29T09:00:00+00:00,25121.36,25205.870000000003,25110.850000000002,25157.870000000003,9515
2026-05-29T10:00:00+00:00,25157.870000000003,25163.36,25105.36,25140.870000000003,6575
2026-05-29T11:00:00+00:00,25140.870000000003,25154.870000000003,25030.350000000002,25095.86,7916
2026-05-29T12:00:00+00:00,25095.86,25121.370000000003,25061.36,25108.370000000003,8295
2026-05-29T13:00:00+00:00,25108.370000000003,25139.86,25043.850000000002,25054.370000000003,10629
2026-05-29T14:00:00+00:00,25054.370000000003,25197.86,25038.870000000003,25151.850000000002,16817.26994392652
2026-05-29T15:00:00+00:00,25151.850000000002,25208.33,25052.84,25111.350000000002,18717
2026-05-29T16:00:00+00:00,25111.350000000002,25135.000000000004,25095.480000000003,25109.000000000004,5566
2026-05-29T17:00:00+00:00,25109.000000000004,25120.99,25058.99,25060.49,3724
2026-05-29T18:00:00+00:00,25060.49,25087.500000000004,25026.980000000003,25041.99,4227
2026-05-29T19:00:00+00:00,25041.99,25078.500000000004,25036.480000000003,25052.230000000003,3478
2026-06-01T00:00:00+00:00,25052.230000000003,25122.120000000003,25052.230000000003,25118.620000000003,2201
2026-06-01T01:00:00+00:00,25118.620000000003,25135.600000000002,25087.86,25129.600000000002,6021
2026-06-01T02:00:00+00:00,25129.600000000002,25148.120000000003,25122.850000000002,25135.61,3715
2026-06-01T03:00:00+00:00,25135.61,25144.620000000003,25079.61,25085.86,4168
2026-06-01T04:00:00+00:00,25085.86,25139.100000000002,25079.86,25120.870000000003,3562
2026-06-01T05:00:00+00:00,25120.870000000003,25135.61,25101.850000000002,25130.61,3170
2026-06-01T06:00:00+00:00,25130.61,25141.120000000003,25059.11,25090.100000000002,4828
2026-06-01T07:00:00+00:00,25090.100000000002,25155.960000000003,25064.47,25134.97,15579
2026-06-01T08:00:00+00:00,25134.97,25188.460000000003,25101.45,25151.47,11385
2026-06-01T09:00:00+00:00,25151.47,25216.45,25121.45,25143.97,8216
2026-06-01T10:00:00+00:00,25143.97,25253.45,25128.95,25212.97,7929
2026-06-01T11:00:00+00:00,25212.97,25249.95,25176.960000000003,25238.97,8703
2026-06-01T12:00:00+00:00,25238.97,25305.47,25214.45,25268.47,11444
2026-06-01T13:00:00+00:00,25268.47,25272.95,24919.47,24929.850000000002,42348
2026-06-01T14:00:00+00:00,24929.850000000002,25046.97,24895.850000000002,24920.960000000003,24018
2026-06-01T15:00:00+00:00,24920.960000000003,25071.97,24904.460000000003,24989.960000000003,17280
2026-06-01T16:00:00+00:00,24989.960000000003,25064.61,24953.600000000002,25057.11,9943
2026-06-01T17:00:00+00:00,25057.11,25184.600000000002,25018.120000000003,25111.620000000003,8751
2026-06-01T18:00:00+00:00,25111.620000000003,25132.11,25106.600000000002,25112.100000000002,2547
2026-06-01T19:00:00+00:00,25112.100000000002,25130.120000000003,25074.600000000002,25077.86,2882
2026-06-02T00:00:00+00:00,25077.86,25077.86,24975.420000000002,24988.670000000002,3396
2026-06-02T01:00:00+00:00,24988.670000000002,25068.670000000002,24983.43,25015.160000000003,13797
2026-06-02T02:00:00+00:00,25015.160000000003,25066.160000000003,25013.410000000003,25060.170000000002,9729
2026-06-02T03:00:00+00:00,25060.170000000002,25083.68,25030.410000000003,25076.43,7227
2026-06-02T04:00:00+00:00,25076.43,25118.660000000003,25075.170000000002,25118.660000000003,4777
2026-06-02T05:00:00+00:00,25118.660000000003,25144.660000000003,25101.420000000002,25123.670000000002,5380
2026-06-02T06:00:00+00:00,25123.670000000002,25187.68,25118.410000000003,25186.68,10727
2026-06-02T07:00:00+00:00,25186.68,25329.02,25173.010000000002,25327.52,27430
2026-06-02T08:00:00+00:00,25327.52,25367.010000000002,25248.010000000002,25269.52,30411
2026-06-02T09:00:00+00:00,25269.52,25279.530000000002,25193.43,25245.510000000002,21327
2026-06-02T10:00:00+00:00,25245.510000000002,25276.530000000002,25229.010000000002,25232.510000000002,17344
2026-06-02T11:00:00+00:00,25232.510000000002,25236.030000000002,25188.030000000002,25209.02,17094
2026-06-02T12:00:00+00:00,25209.02,25222.530000000002,25141.52,25149.010000000002,21593
2026-06-02T13:00:00+00:00,25149.010000000002,25156.530000000002,25062.510000000002,25074.530000000002,37064
2026-06-02T14:00:00+00:00,25074.530000000002,25139.02,25060.510000000002,25105.52,33329
2026-06-02T15:00:00+00:00,25105.52,25151.510000000002,25083.010000000002,25131.02,21075
2026-06-02T16:00:00+00:00,25131.02,25143.160000000003,25062.670000000002,25085.68,11693
2026-06-02T17:00:00+00:00,25085.68,25096.18,25055.160000000003,25062.660000000003,8676
2026-06-02T18:00:00+00:00,25062.660000000003,25100.68,25061.160000000003,25089.170000000002,5939
2026-06-02T19:00:00+00:00,25089.170000000002,25115.18,25089.160000000003,25101.410000000003,4079
2026-06-03T00:00:00+00:00,25101.410000000003,25113.910000000003,25088.660000000003,25110.410000000003,1708
2026-06-03T01:00:00+00:00,25110.410000000003,25113.910000000003,25075.65,25102.640000000003,7775
2026-06-03T02:00:00+00:00,25102.640000000003,25113.410000000003,25074.65,25085.910000000003,3823
2026-06-03T03:00:00+00:00,25085.910000000003,25118.390000000003,25083.640000000003,25111.9,3264
2026-06-03T04:00:00+00:00,25111.9,25124.4,25087.65,25092.4,2157.801246791346
2026-06-03T05:00:00+00:00,25092.4,25105.4,25029.640000000003,25040.4,4021
2026-06-03T06:00:00+00:00,25040.4,25067.4,24985.410000000003,24998.4,11319
2026-06-03T07:00:00+00:00,24998.4,25002.74,24878.750000000004,24950.260000000002,31962
2026-06-03T08:00:00+00:00,24950.260000000002,24966.760000000002,24908.24,24933.750000000004,25481
2026-06-03T09:00:00+00:00,24933.750000000004,24950.760000000002,24842.74,24850.250000000004,19446
2026-06-03T10:00:00+00:00,24850.250000000004,24933.750000000004,24830.74,24876.250000000004,26038
2026-06-03T11:00:00+00:00,24876.250000000004,24940.250000000004,24859.750000000004,24914.24,15017
2026-06-03T12:00:00+00:00,24914.24,24928.260000000002,24858.24,24897.250000000004,16879
2026-06-03T13:00:00+00:00,24897.250000000004,24920.250000000004,24806.250000000004,24860.250000000004,27348
2026-06-03T14:00:00+00:00,24860.250000000004,24880.750000000004,24755.250000000004,24796.760000000002,29320.41910234816
2026-06-03T15:00:00+00:00,24796.760000000002,24827.780000000002,24773.760000000002,24801.270000000004,23627
2026-06-03T16:00:00+00:00,24801.270000000004,24806.430000000004,24752.420000000002,24782.420000000002,14711
2026-06-03T17:00:00+00:00,24782.420000000002,24800.920000000002,24759.420000000002,24783.920000000002,9007
2026-06-03T18:00:00+00:00,24783.920000000002,24792.910000000003,24770.910000000003,24781.410000000003,7334
2026-06-03T19:00:00+00:00,24781.410000000003,24781.430000000004,24721.160000000003,24727.680000000004,7756
2026-06-04T00:00:00+00:00,24727.680000000004,24759.550000000003,24692.79,24748.81,2213.010557888422
2026-06-04T01:00:00+00:00,24748.81,24785.06,24722.79,24740.54,7780
2026-06-04T02:00:00+00:00,24740.54,24742.56,24689.79,24732.81,5523
2026-06-04T03:00:00+00:00,24732.81,24768.550000000003,24721.800000000003,24748.79,5218
2026-06-04T04:00:00+00:00,24748.79,24761.56,24734.800000000003,24753.79,4138
2026-06-04T05:00:00+00:00,24753.79,24769.050000000003,24713.79,24759.04,6842
2026-06-04T06:00:00+00:00,24759.04,24826.54,24755.04,24826.050000000003,11779
2026-06-04T07:00:00+00:00,24826.050000000003,24954.410000000003,24825.890000000003,24943.390000000003,29777
2026-06-04T08:00:00+00:00,24943.390000000003,25005.390000000003,24885.910000000003,24888.390000000003,31697
2026-06-04T09:00:00+00:00,24888.390000000003,24976.4,24843.390000000003,24965.890000000003,25276
2026-06-04T10:00:00+00:00,24965.890000000003,24967.910000000003,24858.9,24909.9,18739
2026-06-04T11:00:00+00:00,24909.9,24962.4,24897.890000000003,24953.410000000003,33394
2026-06-04T12:00:00+00:00,24953.410000000003,25005.410000000003,24917.9,24978.390000000003,28459
2026-06-04T13:00:00+00:00,24978.390000000003,25011.890000000003,24924.9,24966.910000000003,34359
2026-06-04T14:00:00+00:00,24966.910000000003,24992.910000000003,24896.890000000003,24897.390000000003,32144
2026-06-04T15:00:00+00:00,24897.390000000003,24957.910000000003,24869.390000000003,24923.890000000003,19204
2026-06-04T16:00:00+00:00,24923.890000000003,24954.56,24922.04,24943.04,8312
2026-06-04T17:00:00+00:00,24943.04,24956.56,24928.04,24948.06,4871
2026-06-04T18:00:00+00:00,24948.06,24954.06,24935.050000000003,24948.050000000003,4872
2026-06-04T19:00:00+00:00,24948.050000000003,24973.06,24938.04,24944.29,4649
2026-06-05T00:00:00+00:00,24944.29,24944.29,24773.850000000002,24811.11,3376.428760768721
2026-06-05T01:00:00+00:00,24811.11,24854.120000000003,24784.350000000002,24844.36,5027.547159356353
2026-06-05T02:00:00+00:00,24844.36,24871.120000000003,24823.350000000002,24828.350000000002,3028.75849401517
2026-06-05T03:00:00+00:00,24828.350000000002,24845.61,24789.36,24791.370000000003,6296.984165805061
2026-06-05T04:00:00+00:00,24791.370000000003,24842.620000000003,24791.350000000002,24830.86,6921.796277789435
2026-06-05T05:00:00+00:00,24830.86,24867.120000000003,24809.86,24833.600000000002,8454
2026-06-05T06:00:00+00:00,24833.600000000002,24911.620000000003,24833.600000000002,24893.120000000003,13335
2026-06-05T07:00:00+00:00,24893.120000000003,24957.960000000003,24825.960000000003,24923.47,37426
2026-06-05T08:00:00+00:00,24923.47,24966.97,24876.97,24951.97,28816
2026-06-05T09:00:00+00:00,24951.97,25042.460000000003,24942.960000000003,25005.97,33009
2026-06-05T10:00:00+00:00,25005.97,25028.460000000003,24978.460000000003,25004.45,14833
2026-06-05T11:00:00+00:00,25004.45,25031.97,24948.45,25006.460000000003,16189
2026-06-05T12:00:00+00:00,25006.460000000003,25019.460000000003,24906.45,24918.95,25027
2026-06-05T13:00:00+00:00,24918.95,24971.97,24802.45,24822.460000000003,47929
2026-06-05T14:00:00+00:00,24822.460000000003,24880.97,24775.95,24828.460000000003,52079.060082405755
2026-06-05T15:00:00+00:00,24828.460000000003,24837.97,24754.45,24770.95,31581
2026-06-05T16:00:00+00:00,24770.95,24770.95,24689.870000000003,24724.600000000002,21642
2026-06-05T17:00:00+00:00,24724.600000000002,24733.100000000002,24678.620000000003,24716.11,20285
2026-06-05T18:00:00+00:00,24716.11,24724.620000000003,24582.11,24605.61,24496
2026-06-05T19:00:00+00:00,24605.61,24618.11,24514.600000000002,24583.870000000003,34056
2026-06-08T00:00:00+00:00,24583.870000000003,24621.31,24539.31,24565.56,3923
2026-06-08T01:00:00+00:00,24565.56,24584.81,24379.56,24545.81,20563
2026-06-08T02:00:00+00:00,24545.81,24626.820000000003,24526.56,24595.570000000003,11986
2026-06-08T03:00:00+00:00,24595.570000000003,24607.31,24533.570000000003,24559.820000000003,7848
2026-06-08T04:00:00+00:00,24559.820000000003,24569.33,24423.58,24436.820000000003,9349
2026-06-08T05:00:00+00:00,24436.820000000003,24482.83,24373.31,24391.570000000003,13645
2026-06-08T06:00:00+00:00,24391.570000000003,24448.320000000003,24346.320000000003,24432.320000000003,28592
2026-06-08T07:00:00+00:00,24432.320000000003,24607.170000000002,24414.170000000002,24542.180000000004,56112
2026-06-08T08:00:00+00:00,24542.180000000004,24571.660000000003,24498.160000000003,24543.680000000004,41930
2026-06-08T09:00:00+00:00,24543.680000000004,24666.680000000004,24541.680000000004,24637.180000000004,32296
2026-06-08T10:00:00+00:00,24637.180000000004,24722.170000000002,24594.180000000004,24622.680000000004,32696
2026-06-08T11:00:00+00:00,24622.680000000004,24755.670000000002,24588.670000000002,24674.180000000004,43130
2026-06-08T12:00:00+00:00,24674.180000000004,24718.680000000004,24642.680000000004,24664.670000000002,31203
2026-06-08T13:00:00+00:00,24664.670000000002,24718.680000000004,24651.160000000003,24690.680000000004,50154
2026-06-08T14:00:00+00:00,24690.680000000004,24696.680000000004,24618.660000000003,24688.680000000004,47151
2026-06-08T15:00:00+00:00,24688.680000000004,24697.180000000004,24621.660000000003,24627.160000000003,24660
2026-06-08T16:00:00+00:00,24627.160000000003,24643.83,24601.320000000003,24602.31,22742
2026-06-08T17:00:00+00:00,24602.31,24602.33,24551.81,24579.33,24822
2026-06-08T18:00:00+00:00,24579.33,24640.320000000003,24579.33,24622.820000000003,15397
2026-06-08T19:00:00+00:00,24622.820000000003,24624.320000000003,24557.81,24597.070000000003,19707
2026-06-09T00:00:00+00:00,24597.070000000003,24597.070000000003,24498.070000000003,24521.83,5582
2026-06-09T01:00:00+00:00,24521.83,24605.820000000003,24503.070000000003,24577.840000000004,13527
2026-06-09T02:00:00+00:00,24577.840000000004,24596.820000000003,24554.070000000003,24574.820000000003,8671
2026-06-09T03:00:00+00:00,24574.820000000003,24633.820000000003,24567.090000000004,24603.090000000004,8049
2026-06-09T04:00:00+00:00,24603.090000000004,24654.820000000003,24592.08,24632.840000000004,4947
2026-06-09T05:00:00+00:00,24632.840000000004,24647.340000000004,24602.840000000004,24604.08,7460
2026-06-09T06:00:00+00:00,24604.08,24642.33,24587.33,24595.840000000004,13135
2026-06-09T07:00:00+00:00,24595.840000000004,24699.180000000004,24547.680000000004,24682.680000000004,39068
2026-06-09T08:00:00+00:00,24682.680000000004,24765.680000000004,24665.190000000002,24759.180000000004,27399
2026-06-09T09:00:00+00:00,24759.180000000004,24822.690000000002,24748.670000000002,24806.170000000002,14067
2026-06-09T10:00:00+00:00,24806.170000000002,24835.690000000002,24765.190000000002,24799.170000000002,18005
2026-06-09T11:00:00+00:00,24799.170000000002,24805.690000000002,24729.670000000002,24743.680000000004,14703
2026-06-09T12:00:00+00:00,24743.680000000004,24769.190000000002,24712.680000000004,24767.190000000002,17740
2026-06-09T13:00:00+00:00,24767.190000000002,24828.190000000002,24747.190000000002,24784.670000000002,33860
2026-06-09T14:00:00+00:00,24784.670000000002,24805.170000000002,24568.670000000002,24630.180000000004,55434
2026-06-09T15:00:00+00:00,24630.180000000004,24645.190000000002,24406.190000000002,24434.180000000004,56334
2026-06-09T16:00:00+00:00,24434.180000000004,24469.83,24244.820000000003,24306.840000000004,46660
2026-06-09T17:00:00+00:00,24306.840000000004,24485.840000000004,24303.070000000003,24462.83,34619
2026-06-09T18:00:00+00:00,24462.83,24560.840000000004,24448.820000000003,24551.83,31113
2026-06-09T19:00:00+00:00,24551.83,24563.83,24482.320000000003,24537.58,29516
2026-06-10T00:00:00+00:00,24537.58,24537.58,24444.460000000003,24514.460000000003,5686
2026-06-10T01:00:00+00:00,24514.460000000003,24554.200000000004,24473.440000000002,24488.190000000002,18856
2026-06-10T02:00:00+00:00,24488.190000000002,24506.710000000003,24449.190000000002,24450.450000000004,11469
2026-06-10T03:00:00+00:00,24450.450000000004,24496.210000000003,24444.460000000003,24461.460000000003,9436
2026-06-10T04:00:00+00:00,24461.460000000003,24468.200000000004,24399.440000000002,24411.190000000002,9542
2026-06-10T05:00:00+00:00,24411.190000000002,24492.690000000002,24403.190000000002,24491.710000000003,12687
2026-06-10T06:00:00+00:00,24491.710000000003,24524.690000000002,24474.690000000002,24487.700000000004,11557
2026-06-10T07:00:00+00:00,24487.700000000004,24533.56,24428.540000000005,24463.550000000003,51796
2026-06-10T08:00:00+00:00,24463.550000000003,24472.050000000003,24315.06,24327.56,43626
2026-06-10T09:00:00+00:00,24327.56,24354.06,24248.06,24322.040000000005,40723
2026-06-10T10:00:00+00:00,24322.040000000005,24324.050000000003,24229.040000000005,24259.040000000005,36094
2026-06-10T11:00:00+00:00,24259.040000000005,24266.56,24050.050000000003,24236.550000000003,69304
2026-06-10T12:00:00+00:00,24236.550000000003,24340.040000000005,24210.06,24301.050000000003,61798
2026-06-10T13:00:00+00:00,24301.050000000003,24375.06,24253.56,24354.56,56350
2026-06-10T14:00:00+00:00,24354.56,24360.56,24241.540000000005,24256.040000000005,61435
2026-06-10T15:00:00+00:00,24256.040000000005,24293.56,24126.920000000006,24215.020000000008,61741
2026-06-10T16:00:00+00:00,24215.020000000008,24230.190000000006,24152.670000000006,24174.670000000006,54388
2026-06-10T17:00:00+00:00,24174.670000000006,24195.690000000006,24118.170000000006,24185.180000000008,42014
2026-06-10T18:00:00+00:00,24185.180000000008,24215.180000000008,24120.680000000008,24137.670000000006,35396
2026-06-10T19:00:00+00:00,24137.670000000006,24149.690000000006,24082.930000000008,24088.420000000006,35347
2026-06-11T00:00:00+00:00,24088.420000000006,24088.420000000006,23969.320000000007,24060.570000000007,5225
2026-06-11T01:00:00+00:00,24060.570000000007,24168.580000000005,24055.320000000007,24084.080000000005,10778
2026-06-11T02:00:00+00:00,24084.080000000005,24105.080000000005,24004.560000000005,24069.320000000007,12124
2026-06-11T03:00:00+00:00,24069.320000000007,24148.320000000007,24042.310000000005,24146.560000000005,8837
2026-06-11T04:00:00+00:00,24146.560000000005,24202.080000000005,24122.310000000005,24179.580000000005,5785
2026-06-11T05:00:00+00:00,24179.580000000005,24186.060000000005,24136.310000000005,24159.560000000005,6887
2026-06-11T06:00:00+00:00,24159.560000000005,24227.580000000005,24112.560000000005,24215.580000000005,20998
2026-06-11T07:00:00+00:00,24215.580000000005,24258.910000000007,24159.910000000007,24176.420000000006,55282
2026-06-11T08:00:00+00:00,24176.420000000006,24274.430000000008,24173.410000000007,24220.430000000008,35724
2026-06-11T09:00:00+00:00,24220.430000000008,24284.920000000006,24184.910000000007,24261.930000000008,16680
2026-06-11T10:00:00+00:00,24261.930000000008,24297.930000000008,24249.920000000006,24265.910000000007,19245
2026-06-11T11:00:00+00:00,24265.910000000007,24306.420000000006,24234.910000000007,24275.910000000007,23937
2026-06-11T12:00:00+00:00,24275.910000000007,24277.930000000008,24083.410000000007,24216.410000000007,59293
2026-06-11T13:00:00+00:00,24216.410000000007,24333.930000000008,24165.410000000007,24310.420000000006,67412
2026-06-11T14:00:00+00:00,24310.420000000006,24340.430000000008,24199.420000000006,24209.930000000008,73241
2026-06-11T15:00:00+00:00,24209.930000000008,24290.420000000006,24199.410000000007,24243.420000000006,58534
2026-06-11T16:00:00+00:00,24243.420000000006,24265.080000000005,24206.580000000005,24208.070000000007,43508
2026-06-11T17:00:00+00:00,24208.070000000007,24584.570000000007,24176.060000000005,24529.070000000007,68651
2026-06-11T18:00:00+00:00,24529.070000000007,24552.070000000007,24465.570000000007,24522.560000000005,39416
2026-06-11T19:00:00+00:00,24522.560000000005,24660.580000000005,24517.580000000005,24622.310000000005,29963
2026-06-12T00:00:00+00:00,24622.310000000005,24651.330000000005,24599.070000000007,24614.070000000007,1955
2026-06-12T01:00:00+00:00,24614.070000000007,24630.840000000007,24542.070000000007,24628.830000000005,7313
2026-06-12T02:00:00+00:00,24628.830000000005,24638.840000000007,24583.070000000007,24606.570000000007,4021.488245931284
2026-06-12T03:00:00+00:00,24606.570000000007,24611.330000000005,24575.580000000005,24605.590000000007,5581
2026-06-12T04:00:00+00:00,24605.590000000007,24634.340000000007,24574.570000000007,24620.320000000007,4049
2026-06-12T05:00:00+00:00,24620.320000000007,24638.330000000005,24530.590000000007,24549.590000000007,7653
2026-06-12T06:00:00+00:00,24549.590000000007,24610.840000000007,24531.820000000007,24576.330000000005,20251
2026-06-12T07:00:00+00:00,24576.330000000005,24765.590000000007,24503.670000000006,24662.670000000006,59853
2026-06-12T08:00:00+00:00,24662.670000000006,24770.180000000008,24600.190000000006,24633.690000000006,60413
2026-06-12T09:00:00+00:00,24633.690000000006,24717.690000000006,24631.680000000008,24673.680000000008,36047
2026-06-12T10:00:00+00:00,24673.680000000008,24686.190000000006,24563.180000000008,24599.190000000006,26237
2026-06-12T11:00:00+00:00,24599.190000000006,24650.680000000008,24581.670000000006,24589.190000000006,27424
2026-06-12T12:00:00+00:00,24589.190000000006,24594.190000000006,24455.570000000007,24477.680000000008,31066
2026-06-12T13:00:00+00:00,24477.680000000008,24566.180000000008,24424.170000000006,24508.670000000006,70510
2026-06-12T14:00:00+00:00,24508.670000000006,24647.180000000008,24490.170000000006,24634.680000000008,76053.10204618558
2026-06-12T15:00:00+00:00,24634.680000000008,24681.200000000008,24566.19000000001,24574.19000000001,46067
2026-06-12T16:00:00+00:00,24574.19000000001,24653.840000000007,24548.33000000001,24637.85000000001,37951
2026-06-12T17:00:00+00:00,24637.85000000001,24696.08000000001,24637.85000000001,24658.33000000001,20053
2026-06-12T18:00:00+00:00,24658.33000000001,24688.35000000001,24646.83000000001,24662.840000000007,16600
2026-06-12T19:00:00+00:00,24662.840000000007,24701.83000000001,24659.33000000001,24683.58000000001,17185
2026-06-15T00:00:00+00:00,24683.58000000001,25090.110000000008,24683.58000000001,25053.10000000001,1779
2026-06-15T01:00:00+00:00,25053.10000000001,25081.860000000008,25025.840000000007,25031.35000000001,5194.332659021614
2026-06-15T02:00:00+00:00,25031.35000000001,25054.85000000001,25011.110000000008,25050.860000000008,3107.9899583377846
2026-06-15T03:00:00+00:00,25050.860000000008,25066.35000000001,25022.10000000001,25025.860000000008,3262.667385444744
2026-06-15T04:00:00+00:00,25025.860000000008,25045.860000000008,25009.340000000007,25042.10000000001,2885
2026-06-15T05:00:00+00:00,25042.10000000001,25074.85000000001,25023.340000000007,25040.840000000007,3919
2026-06-15T06:00:00+00:00,25040.840000000007,25099.860000000008,25004.35000000001,25066.340000000007,14776
2026-06-15T07:00:00+00:00,25066.340000000007,25106.210000000006,25034.700000000008,25040.200000000008,47104
2026-06-15T08:00:00+00:00,25040.200000000008,25066.200000000008,24955.200000000008,24963.200000000008,30557
2026-06-15T09:00:00+00:00,24963.200000000008,24971.19000000001,24912.19000000001,24936.69000000001,23445
2026-06-15T10:00:00+00:00,24936.69000000001,24975.700000000008,24926.700000000008,24960.710000000006,15008
2026-06-15T11:00:00+00:00,24960.710000000006,24991.710000000006,24952.200000000008,24978.710000000006,15483
2026-06-15T12:00:00+00:00,24978.710000000006,25012.200000000008,24969.69000000001,25007.200000000008,18859
2026-06-15T13:00:00+00:00,25007.200000000008,25028.200000000008,24932.700000000008,24938.210000000006,31253
2026-06-15T14:00:00+00:00,24938.210000000006,24988.210000000006,24907.69000000001,24951.700000000008,32898
2026-06-15T15:00:00+00:00,24951.700000000008,24960.210000000006,24896.69000000001,24938.710000000006,21257
2026-06-15T16:00:00+00:00,24938.710000000006,24940.860000000008,24912.85000000001,24923.840000000007,9229
2026-06-15T17:00:00+00:00,24923.840000000007,24925.340000000007,24884.840000000007,24892.340000000007,6718
2026-06-15T18:00:00+00:00,24892.340000000007,24896.360000000008,24859.840000000007,24868.340000000007,7067
2026-06-15T19:00:00+00:00,24868.340000000007,24877.840000000007,24848.860000000008,24873.610000000008,7576
2026-06-16T00:00:00+00:00,24873.610000000008,24885.67000000001,24861.40000000001,24870.40000000001,2057
2026-06-16T01:00:00+00:00,24870.40000000001,24883.17000000001,24851.160000000007,24862.42000000001,4484
2026-06-16T02:00:00+00:00,24862.42000000001,24868.65000000001,24845.17000000001,24851.92000000001,1384.3124359479161
2026-06-16T03:00:00+00:00,24851.92000000001,24898.660000000007,24848.910000000007,24873.15000000001,1201.3298011727418
2026-06-16T04:00:00+00:00,24873.15000000001,24880.160000000007,24860.40000000001,24868.40000000001,1784.062520677906
2026-06-16T05:00:00+00:00,24868.40000000001,24910.65000000001,24866.42000000001,24893.15000000001,2767.986879947418
2026-06-16T06:00:00+00:00,24893.15000000001,24959.660000000007,24876.160000000007,24955.17000000001,8371
2026-06-16T07:00:00+00:00,24955.17000000001,25005.520000000008,24906.01000000001,24998.520000000008,37851
2026-06-16T08:00:00+00:00,24998.520000000008,25120.520000000008,24985.51000000001,25101.51000000001,26060
2026-06-16T09:00:00+00:00,25101.51000000001,25106.51000000001,25050.000000000007,25087.51000000001,17366
2026-06-16T10:00:00+00:00,25087.51000000001,25097.520000000008,25045.51000000001,25059.500000000007,14997
2026-06-16T11:00:00+00:00,25059.500000000007,25064.020000000008,25002.500000000007,25018.020000000008,19195
2026-06-16T12:00:00+00:00,25018.020000000008,25063.520000000008,24986.51000000001,24992.520000000008,28727
2026-06-16T13:00:00+00:00,24992.520000000008,24996.500000000007,24934.500000000007,24991.520000000008,41450
2026-06-16T14:00:00+00:00,24991.520000000008,24991.520000000008,24914.500000000007,24934.500000000007,46812
2026-06-16T15:00:00+00:00,24934.500000000007,24948.51000000001,24812.000000000007,24839.01000000001,41930
2026-06-16T16:00:00+00:00,24839.01000000001,24859.160000000007,24823.660000000007,24841.15000000001,25369
2026-06-16T17:00:00+00:00,24841.15000000001,24845.17000000001,24805.65000000001,24842.67000000001,18041
2026-06-16T18:00:00+00:00,24842.67000000001,24842.67000000001,24807.15000000001,24811.15000000001,13324
2026-06-16T19:00:00+00:00,24811.15000000001,24820.17000000001,24765.90000000001,24767.90000000001,23485
2026-06-17T00:00:00+00:00,24767.90000000001,24808.160000000007,24767.90000000001,24803.67000000001,1078.4613066808192
2026-06-17T01:00:00+00:00,24803.67000000001,24831.67000000001,24793.90000000001,24830.660000000007,2107.19586659065
2026-06-17T02:00:00+00:00,24830.660000000007,24836.660000000007,24805.910000000007,24806.90000000001,1149.3477100748835
2026-06-17T03:00:00+00:00,24806.90000000001,24825.17000000001,24793.65000000001,24823.17000000001,1583.118222566818
2026-06-17T04:00:00+00:00,24823.17000000001,24836.660000000007,24801.42000000001,24831.42000000001,1417.46073543712
2026-06-17T05:00:00+00:00,24831.42000000001,24859.67000000001,24827.40000000001,24847.65000000001,1611.7072711275707
2026-06-17T06:00:00+00:00,24847.65000000001,24872.67000000001,24815.660000000007,24833.160000000007,13830
2026-06-17T07:00:00+00:00,24833.160000000007,24880.020000000008,24805.000000000007,24837.51000000001,47351
2026-06-17T08:00:00+00:00,24837.51000000001,24848.51000000001,24764.40000000001,24835.520000000008,35122
2026-06-17T09:00:00+00:00,24835.520000000008,24921.520000000008,24832.000000000007,24917.520000000008,27016
2026-06-17T10:00:00+00:00,24917.520000000008,24960.000000000007,24887.01000000001,24946.520000000008,24866
2026-06-17T11:00:00+00:00,24946.520000000008,24961.520000000008,24855.500000000007,24865.01000000001,22283
2026-06-17T12:00:00+00:00,24865.01000000001,24906.020000000008,24860.500000000007,24879.520000000008,24348
2026-06-17T13:00:00+00:00,24879.520000000008,24902.020000000008,24828.000000000007,24871.020000000008,44286
2026-06-17T14:00:00+00:00,24871.020000000008,24948.01000000001,24823.01000000001,24886.020000000008,59684
2026-06-17T15:00:00+00:00,24886.020000000008,24982.520000000008,24884.000000000007,24961.500000000007,41018
2026-06-17T16:00:00+00:00,24961.500000000007,24971.660000000007,24930.17000000001,24943.65000000001,16047
2026-06-17T17:00:00+00:00,24943.65000000001,24965.660000000007,24904.410000000007,24958.910000000007,14303.33520871913
2026-06-17T18:00:00+00:00,24958.910000000007,24981.67000000001,24828.910000000007,24904.15000000001,30171
2026-06-17T19:00:00+00:00,24904.15000000001,24927.67000000001,24784.910000000007,24813.90000000001,32834
2026-06-18T00:00:00+00:00,24813.90000000001,24915.910000000007,24801.410000000007,24801.410000000007,786.8483947178861
2026-06-18T01:00:00+00:00,24801.410000000007,24855.17000000001,24779.410000000007,24825.42000000001,3503.9821503859803
2026-06-18T02:00:00+00:00,24825.42000000001,24856.680000000008,24816.76000000001,24821.74000000001,1660.2369218597744
2026-06-18T03:00:00+00:00,24821.74000000001,24850.26000000001,24786.74000000001,24846.26000000001,1523.3699925696035
2026-06-18T04:00:00+00:00,24846.26000000001,24864.50000000001,24805.26000000001,24820.930000000008,1264.0300449157303
2026-06-18T05:00:00+00:00,24820.930000000008,24874.660000000007,24810.910000000007,24863.930000000008,2044.6678724103913
2026-06-18T06:00:00+00:00,24863.930000000008,24963.180000000008,24841.910000000007,24960.680000000008,25744
2026-06-18T07:00:00+00:00,24960.680000000008,25040.020000000008,24933.51000000001,24962.51000000001,63072
2026-06-18T08:00:00+00:00,24962.51000000001,24987.53000000001,24833.020000000008,24840.020000000008,49600
2026-06-18T09:00:00+00:00,24840.020000000008,24982.51000000001,24817.51000000001,24947.520000000008,38291
2026-06-18T10:00:00+00:00,24947.520000000008,24971.03000000001,24888.930000000008,24889.930000000008,35283
2026-06-18T11:00:00+00:00,24889.930000000008,24927.03000000001,24849.020000000008,24916.01000000001,36686
2026-06-18T12:00:00+00:00,24916.01000000001,25016.03000000001,24913.51000000001,25003.020000000008,35386
2026-06-18T13:00:00+00:00,25003.020000000008,25025.020000000008,24900.520000000008,24928.520000000008,75633
2026-06-18T14:00:00+00:00,24928.520000000008,25019.53000000001,24914.03000000001,25017.51000000001,66443
2026-06-18T15:00:00+00:00,25017.51000000001,25041.53000000001,24968.910000000007,25024.03000000001,41455
2026-06-18T16:00:00+00:00,25024.03000000001,25044.660000000007,25001.92000000001,25019.67000000001,5905
2026-06-18T17:00:00+00:00,25019.67000000001,25051.660000000007,25008.910000000007,25042.67000000001,5443
2026-06-18T18:00:00+00:00,25042.67000000001,25052.160000000007,25016.910000000007,25025.910000000007,3373
2026-06-18T19:00:00+00:00,25025.910000000007,25052.680000000008,24994.910000000007,25047.410000000007,7808
2026-06-19T00:00:00+00:00,25047.410000000007,25047.410000000007,24896.94000000001,24940.950000000008,1570
2026-06-19T01:00:00+00:00,24940.950000000008,24960.210000000006,24910.950000000008,24911.950000000008,2137
2026-06-19T02:00:00+00:00,24911.950000000008,24925.19000000001,24896.94000000001,24909.950000000008,1626.397307160796
2026-06-19T03:00:00+00:00,24909.950000000008,24923.700000000008,24894.94000000001,24908.94000000001,3428.054361567636
2026-06-19T04:00:00+00:00,24908.94000000001,24933.19000000001,24857.94000000001,24874.710000000006,4310
2026-06-19T05:00:00+00:00,24874.710000000006,24924.710000000006,24865.960000000006,24919.710000000006,4449
2026-06-19T06:00:00+00:00,24919.710000000006,25006.200000000008,24913.960000000006,25001.710000000006,8512
2026-06-19T07:00:00+00:00,25001.710000000006,25137.06000000001,24997.540000000008,25130.550000000007,27792
2026-06-19T08:00:00+00:00,25130.550000000007,25148.56000000001,25074.550000000007,25092.550000000007,17239
2026-06-19T09:00:00+00:00,25092.550000000007,25109.540000000008,25031.56000000001,25082.040000000008,22880
2026-06-19T10:00:00+00:00,25082.040000000008,25097.56000000001,24985.550000000007,25013.56000000001,19176
2026-06-19T11:00:00+00:00,25013.56000000001,25031.550000000007,24979.540000000008,25011.56000000001,17007
2026-06-19T12:00:00+00:00,25011.56000000001,25034.56000000001,24912.94000000001,25029.06000000001,20506
2026-06-19T13:00:00+00:00,25029.06000000001,25066.56000000001,24989.540000000008,25021.040000000008,21647
2026-06-19T14:00:00+00:00,25021.040000000008,25054.050000000007,24997.040000000008,25007.550000000007,14236.342754704143
2026-06-19T15:00:00+00:00,25007.550000000007,25035.540000000008,24944.050000000007,24984.540000000008,17359
2026-06-19T16:00:00+00:00,24984.540000000008,25013.210000000006,24958.69000000001,24965.200000000008,4932
2026-06-19T17:00:00+00:00,24965.200000000008,24978.200000000008,24960.19000000001,24974.200000000008,1706.9280226445612
2026-06-19T18:00:00+00:00,24974.200000000008,24982.200000000008,24969.19000000001,24973.210000000006,1013.2010526462257
2026-06-19T19:00:00+00:00,24973.210000000006,24983.700000000008,24957.200000000008,24967.44000000001,906.5478389271073
2026-06-22T00:00:00+00:00,24967.44000000001,24984.19000000001,24946.450000000008,24975.44000000001,1610
2026-06-22T01:00:00+00:00,24975.44000000001,25006.210000000006,24956.94000000001,24957.44000000001,4921.260663321318
2026-06-22T02:00:00+00:00,24957.44000000001,24976.710000000006,24930.450000000008,24936.69000000001,2964.049278602529
2026-06-22T03:00:00+00:00,24936.69000000001,24956.200000000008,24915.44000000001,24933.710000000006,2508.080237741456
2026-06-22T04:00:00+00:00,24933.710000000006,24948.210000000006,24913.44000000001,24948.200000000008,3441
2026-06-22T05:00:00+00:00,24948.200000000008,24996.200000000008,24947.450000000008,24992.19000000001,3813
2026-06-22T06:00:00+00:00,24992.19000000001,25055.700000000008,24979.700000000008,25046.710000000006,8366
2026-06-22T07:00:00+00:00,25046.710000000006,25062.050000000007,24962.06000000001,24989.550000000007,31608
2026-06-22T08:00:00+00:00,24989.550000000007,24993.56000000001,24920.040000000008,24926.040000000008,24069
2026-06-22T09:00:00+00:00,24926.040000000008,24953.56000000001,24877.040000000008,24877.06000000001,18496
2026-06-22T10:00:00+00:00,24877.06000000001,24917.56000000001,24872.050000000007,24888.540000000008,14098
2026-06-22T11:00:00+00:00,24888.540000000008,24977.06000000001,24874.040000000008,24975.56000000001,17627
2026-06-22T12:00:00+00:00,24975.56000000001,25010.06000000001,24950.06000000001,25000.56000000001,13110
2026-06-22T13:00:00+00:00,25000.56000000001,25130.56000000001,25000.56000000001,25128.040000000008,28290
2026-06-22T14:00:00+00:00,25128.040000000008,25156.56000000001,25062.06000000001,25092.550000000007,32316
2026-06-22T15:00:00+00:00,25092.550000000007,25149.540000000008,25070.050000000007,25086.540000000008,22409
2026-06-22T16:00:00+00:00,25086.540000000008,25089.69000000001,25054.200000000008,25071.210000000006,12877
2026-06-22T17:00:00+00:00,25071.210000000006,25075.210000000006,25041.19000000001,25068.69000000001,7000
2026-06-22T18:00:00+00:00,25068.69000000001,25089.69000000001,25051.700000000008,25053.69000000001,6810
2026-06-22T19:00:00+00:00,25053.69000000001,25077.710000000006,25044.69000000001,25072.44000000001,8555
2026-06-23T00:00:00+00:00,25072.44000000001,25084.210000000006,25031.44000000001,25069.450000000008,2712
2026-06-23T01:00:00+00:00,25069.450000000008,25080.210000000006,25018.460000000006,25038.19000000001,8431
2026-06-23T02:00:00+00:00,25038.19000000001,25047.69000000001,24980.460000000006,24984.44000000001,5402
2026-06-23T03:00:00+00:00,24984.44000000001,24990.200000000008,24902.450000000008,24968.700000000008,6059
2026-06-23T04:00:00+00:00,24968.700000000008,24975.710000000006,24897.44000000001,24905.69000000001,4288
2026-06-23T05:00:00+00:00,24905.69000000001,24926.710000000006,24856.44000000001,24868.44000000001,7397
2026-06-23T06:00:00+00:00,24868.44000000001,24899.700000000008,24816.69000000001,24821.210000000006,14400
2026-06-23T07:00:00+00:00,24821.210000000006,24867.050000000007,24751.06000000001,24773.040000000008,34727
2026-06-23T08:00:00+00:00,24773.040000000008,24782.56000000001,24708.550000000007,24757.56000000001,29599
2026-06-23T09:00:00+00:00,24757.56000000001,24844.56000000001,24739.540000000008,24838.06000000001,17241
2026-06-23T10:00:00+00:00,24838.06000000001,24902.06000000001,24819.540000000008,24840.06000000001,14793
2026-06-23T11:00:00+00:00,24840.06000000001,24917.040000000008,24821.550000000007,24890.550000000007,17093
2026-06-23T12:00:00+00:00,24890.550000000007,24912.56000000001,24844.540000000008,24893.06000000001,15759
2026-06-23T13:00:00+00:00,24893.06000000001,24931.06000000001,24839.540000000008,24930.050000000007,27694
2026-06-23T14:00:00+00:00,24930.050000000007,24977.56000000001,24909.040000000008,24942.550000000007,26113
2026-06-23T15:00:00+00:00,24942.550000000007,24966.56000000001,24861.56000000001,24921.540000000008,20018
2026-06-23T16:00:00+00:00,24921.540000000008,24959.69000000001,24917.200000000008,24950.210000000006,12214
2026-06-23T17:00:00+00:00,24950.210000000006,24956.210000000006,24915.69000000001,24917.69000000001,8025
2026-06-23T18:00:00+00:00,24917.69000000001,24933.69000000001,24867.710000000006,24888.19000000001,9847
2026-06-23T19:00:00+00:00,24888.19000000001,24923.710000000006,24874.200000000008,24884.460000000006,15117
2026-06-24T00:00:00+00:00,24884.460000000006,24939.200000000008,24884.460000000006,24926.19000000001,3466
2026-06-24T01:00:00+00:00,24926.19000000001,24944.210000000006,24894.44000000001,24935.710000000006,8465
2026-06-24T02:00:00+00:00,24935.710000000006,24938.210000000006,24857.44000000001,24858.700000000008,6746
2026-06-24T03:00:00+00:00,24858.700000000008,24926.710000000006,24849.44000000001,24882.700000000008,6814.61609421001
2026-06-24T04:00:00+00:00,24882.700000000008,24888.19000000001,24824.960000000006,24878.210000000006,4634
2026-06-24T05:00:00+00:00,24878.210000000006,24934.700000000008,24875.69000000001,24908.19000000001,6394
2026-06-24T06:00:00+00:00,24908.19000000001,24926.200000000008,24866.200000000008,24866.200000000008,9764
2026-06-24T07:00:00+00:00,24866.200000000008,24867.56000000001,24656.050000000007,24688.040000000008,37696
2026-06-24T08:00:00+00:00,24688.040000000008,24730.06000000001,24677.050000000007,24691.050000000007,28117
2026-06-24T09:00:00+00:00,24691.050000000007,24703.040000000008,24633.050000000007,24646.540000000008,20386
2026-06-24T10:00:00+00:00,24646.540000000008,24665.050000000007,24608.540000000008,24626.56000000001,18026
2026-06-24T11:00:00+00:00,24626.56000000001,24660.050000000007,24594.040000000008,24655.56000000001,17935
2026-06-24T12:00:00+00:00,24655.56000000001,24686.06000000001,24607.040000000008,24620.56000000001,18312
2026-06-24T13:00:00+00:00,24620.56000000001,24681.56000000001,24579.540000000008,24646.94000000001,36876
2026-06-24T14:00:00+00:00,24646.94000000001,24703.06000000001,24605.040000000008,24696.540000000008,35878
2026-06-24T15:00:00+00:00,24696.540000000008,24748.550000000007,24644.540000000008,24723.040000000008,21379
2026-06-24T16:00:00+00:00,24723.040000000008,24744.210000000006,24684.69000000001,24696.19000000001,13883
2026-06-24T17:00:00+00:00,24696.19000000001,24716.700000000008,24622.710000000006,24644.69000000001,22541
2026-06-24T18:00:00+00:00,24644.69000000001,24707.200000000008,24633.790000000008,24648.790000000008,18185.287370184255
2026-06-24T19:00:00+00:00,24648.790000000008,24695.78000000001,24620.77000000001,24673.03000000001,15932
2026-06-25T00:00:00+00:00,24673.03000000001,24723.78000000001,24673.03000000001,24712.28000000001,4478
2026-06-25T01:00:00+00:00,24712.28000000001,24739.790000000008,24678.27000000001,24681.790000000008,10830
2026-06-25T02:00:00+00:00,24681.790000000008,24695.290000000008,24657.52000000001,24684.290000000008,9340
2026-06-25T03:00:00+00:00,24684.290000000008,24701.27000000001,24664.28000000001,24695.290000000008,5567
2026-06-25T04:00:00+00:00,24695.290000000008,24713.28000000001,24669.52000000001,24707.28000000001,3413
2026-06-25T05:00:00+00:00,24707.28000000001,24755.78000000001,24693.78000000001,24728.77000000001,3599
2026-06-25T06:00:00+00:00,24728.77000000001,24773.28000000001,24711.790000000008,24772.290000000008,7366
2026-06-25T07:00:00+00:00,24772.290000000008,24835.64000000001,24738.14000000001,24834.12000000001,26542
2026-06-25T08:00:00+00:00,24834.12000000001,24875.12000000001,24798.62000000001,24851.63000000001,14485
2026-06-25T09:00:00+00:00,24851.63000000001,24895.62000000001,24850.14000000001,24889.63000000001,11537
2026-06-25T10:00:00+00:00,24889.63000000001,24909.13000000001,24865.63000000001,24899.62000000001,8667
2026-06-25T11:00:00+00:00,24899.62000000001,24905.64000000001,24838.64000000001,24889.62000000001,10212
2026-06-25T12:00:00+00:00,24889.62000000001,24974.14000000001,24886.63000000001,24956.63000000001,14570
2026-06-25T13:00:00+00:00,24956.63000000001,24990.12000000001,24822.64000000001,24832.12000000001,34075
2026-06-25T14:00:00+00:00,24832.12000000001,25070.62000000001,24832.12000000001,25037.63000000001,51867
2026-06-25T15:00:00+00:00,25037.63000000001,25054.64000000001,24941.13000000001,25005.62000000001,33572
2026-06-25T16:00:00+00:00,25005.62000000001,25036.290000000008,24947.77000000001,24974.27000000001,19859
2026-06-25T17:00:00+00:00,24974.27000000001,25001.78000000001,24956.27000000001,24980.290000000008,16726
2026-06-25T18:00:00+00:00,24980.290000000008,24990.290000000008,24927.27000000001,24951.27000000001,20305
2026-06-25T19:00:00+00:00,24951.27000000001,24959.28000000001,24918.290000000008,24944.52000000001,16682
2026-06-26T00:00:00+00:00,24944.52000000001,24951.27000000001,24908.52000000001,24915.52000000001,2381
2026-06-26T01:00:00+00:00,24915.52000000001,24940.290000000008,24839.52000000001,24860.77000000001,14219
2026-06-26T02:00:00+00:00,24860.77000000001,24865.27000000001,24722.53000000001,24740.28000000001,10247
2026-06-26T03:00:00+00:00,24740.28000000001,24787.290000000008,24690.53000000001,24786.790000000008,9538
2026-06-26T04:00:00+00:00,24786.790000000008,24795.28000000001,24738.540000000008,24749.78000000001,8527
2026-06-26T05:00:00+00:00,24749.78000000001,24810.790000000008,24740.27000000001,24765.53000000001,7477
2026-06-26T06:00:00+00:00,24765.53000000001,24884.78000000001,24759.27000000001,24855.27000000001,12144
2026-06-26T07:00:00+00:00,24855.27000000001,24870.62000000001,24780.13000000001,24810.64000000001,29276
2026-06-26T08:00:00+00:00,24810.64000000001,24819.63000000001,24714.62000000001,24743.13000000001,25827
2026-06-26T09:00:00+00:00,24743.13000000001,24744.63000000001,24668.12000000001,24699.64000000001,23562
2026-06-26T10:00:00+00:00,24699.64000000001,24703.64000000001,24656.12000000001,24671.13000000001,18110
2026-06-26T11:00:00+00:00,24671.13000000001,24708.63000000001,24652.62000000001,24659.63000000001,16320
2026-06-26T12:00:00+00:00,24659.63000000001,24701.14000000001,24611.62000000001,24621.62000000001,18719
2026-06-26T13:00:00+00:00,24621.62000000001,24655.62000000001,24536.14000000001,24650.13000000001,42864
2026-06-26T14:00:00+00:00,24650.13000000001,24689.64000000001,24587.12000000001,24601.64000000001,35242.007963064934
2026-06-26T15:00:00+00:00,24601.64000000001,24699.15000000001,24583.16000000001,24668.15000000001,24663
2026-06-26T16:00:00+00:00,24668.15000000001,24670.81000000001,24593.29000000001,24635.81000000001,18975
2026-06-26T17:00:00+00:00,24635.81000000001,24666.79000000001,24622.79000000001,24645.29000000001,13181
2026-06-26T18:00:00+00:00,24645.29000000001,24660.30000000001,24607.79000000001,24616.31000000001,12244
2026-06-26T19:00:00+00:00,24616.31000000001,24649.81000000001,24601.79000000001,24627.04000000001,16058
2026-06-29T00:00:00+00:00,24627.04000000001,24742.80000000001,24627.04000000001,24736.80000000001,5594
2026-06-29T01:00:00+00:00,24736.80000000001,24753.31000000001,24696.04000000001,24723.29000000001,13676
2026-06-29T02:00:00+00:00,24723.29000000001,24760.30000000001,24684.81000000001,24751.05000000001,9045
2026-06-29T03:00:00+00:00,24751.05000000001,24777.29000000001,24730.04000000001,24768.31000000001,5424
2026-06-29T04:00:00+00:00,24768.31000000001,24769.30000000001,24724.05000000001,24732.79000000001,5435
2026-06-29T05:00:00+00:00,24732.79000000001,24797.31000000001,24719.81000000001,24790.81000000001,7839
2026-06-29T06:00:00+00:00,24790.81000000001,24799.29000000001,24738.29000000001,24753.79000000001,8142
2026-06-29T07:00:00+00:00,24753.79000000001,24770.64000000001,24681.14000000001,24740.64000000001,25445
2026-06-29T08:00:00+00:00,24740.64000000001,24756.16000000001,24641.14000000001,24641.14000000001,19299
2026-06-29T09:00:00+00:00,24641.14000000001,24713.16000000001,24638.64000000001,24677.64000000001,14068
2026-06-29T10:00:00+00:00,24677.64000000001,24689.66000000001,24646.64000000001,24678.15000000001,11422
2026-06-29T11:00:00+00:00,24678.15000000001,24695.65000000001,24628.15000000001,24684.65000000001,13024
2026-06-29T12:00:00+00:00,24684.65000000001,24708.16000000001,24656.64000000001,24697.15000000001,12221
2026-06-29T13:00:00+00:00,24697.15000000001,24715.16000000001,24642.15000000001,24665.64000000001,22732
2026-06-29T14:00:00+00:00,24665.64000000001,24666.15000000001,24559.65000000001,24588.66000000001,33757
2026-06-29T15:00:00+00:00,24588.66000000001,24644.16000000001,24551.16000000001,24634.64000000001,18320
2026-06-29T16:00:00+00:00,24634.64000000001,24679.31000000001,24630.81000000001,24668.31000000001,5657
2026-06-29T17:00:00+00:00,24668.31000000001,24698.81000000001,24667.81000000001,24688.31000000001,4218
2026-06-29T18:00:00+00:00,24688.31000000001,24744.29000000001,24684.79000000001,24734.79000000001,4274
2026-06-29T19:00:00+00:00,24734.79000000001,24742.30000000001,24714.29000000001,24740.54000000001,4211
2026-06-30T00:00:00+00:00,24740.54000000001,24740.54000000001,24676.30000000001,24709.05000000001,2908
2026-06-30T01:00:00+00:00,24709.05000000001,24773.79000000001,24694.04000000001,24754.80000000001,6321
2026-06-30T02:00:00+00:00,24754.80000000001,24754.80000000001,24719.04000000001,24742.81000000001,3910
2026-06-30T03:00:00+00:00,24742.81000000001,24773.81000000001,24734.04000000001,24758.04000000001,2345.4563399130143
2026-06-30T04:00:00+00:00,24758.04000000001,24796.80000000001,24755.04000000001,24785.79000000001,2204
2026-06-30T05:00:00+00:00,24785.79000000001,24826.30000000001,24783.05000000001,24805.31000000001,3872
2026-06-30T06:00:00+00:00,24805.31000000001,24821.30000000001,24757.30000000001,24820.79000000001,4701
2026-06-30T07:00:00+00:00,24820.79000000001,24875.64000000001,24792.15000000001,24805.16000000001,15795
2026-06-30T08:00:00+00:00,24805.16000000001,24870.65000000001,24804.04000000001,24819.64000000001,11337
2026-06-30T09:00:00+00:00,24819.64000000001,24932.66000000001,24816.64000000001,24905.14000000001,9545
2026-06-30T10:00:00+00:00,24905.14000000001,24985.66000000001,24898.65000000001,24974.64000000001,9364
2026-06-30T11:00:00+00:00,24974.64000000001,25021.15000000001,24956.16000000001,24990.65000000001,9969
2026-06-30T12:00:00+00:00,24990.65000000001,24994.15000000001,24892.14000000001,24944.65000000001,13366
2026-06-30T13:00:00+00:00,24944.65000000001,24949.15000000001,24872.64000000001,24934.14000000001,19097
2026-06-30T14:00:00+00:00,24934.14000000001,24952.16000000001,24890.15000000001,24908.66000000001,17255
2026-06-30T15:00:00+00:00,24908.66000000001,25013.16000000001,24908.14000000001,24982.65000000001,13366
2026-06-30T16:00:00+00:00,24982.65000000001,25007.81000000001,24970.79000000001,25001.29000000001,3714
2026-06-30T17:00:00+00:00,25001.29000000001,25014.81000000001,24991.30000000001,25011.79000000001,2637
2026-06-30T18:00:00+00:00,25011.79000000001,25030.80000000001,25000.30000000001,25026.29000000001,2206
2026-06-30T19:00:00+00:00,25026.29000000001,25038.29000000001,24997.79000000001,25007.04000000001,4928
2026-07-01T00:00:00+00:00,25007.04000000001,25027.27000000001,25007.04000000001,25013.01000000001,1044
2026-07-01T01:00:00+00:00,25013.01000000001,25031.75000000001,24973.00000000001,24979.27000000001,3619
2026-07-01T02:00:00+00:00,24979.27000000001,24998.77000000001,24952.01000000001,24983.77000000001,4745
2026-07-01T03:00:00+00:00,24983.77000000001,25001.77000000001,24976.75000000001,24997.26000000001,1460.2161948742553
2026-07-01T04:00:00+00:00,24997.26000000001,25004.27000000001,24981.50000000001,24983.26000000001,1965
2026-07-01T05:00:00+00:00,24983.26000000001,25004.75000000001,24970.51000000001,25003.26000000001,2303
2026-07-01T06:00:00+00:00,25003.26000000001,25033.27000000001,24986.75000000001,25031.27000000001,4057
2026-07-01T07:00:00+00:00,25031.27000000001,25058.62000000001,24959.10000000001,25057.10000000001,20166
2026-07-01T08:00:00+00:00,25057.10000000001,25099.11000000001,25020.60000000001,25072.12000000001,14776
2026-07-01T09:00:00+00:00,25072.12000000001,25095.62000000001,25041.61000000001,25080.61000000001,11532
2026-07-01T10:00:00+00:00,25080.61000000001,25084.62000000001,25029.60000000001,25068.11000000001,9077
2026-07-01T11:00:00+00:00,25068.11000000001,25085.61000000001,24987.10000000001,24994.12000000001,9582
2026-07-01T12:00:00+00:00,24994.12000000001,25025.62000000001,24945.10000000001,24945.62000000001,16653
2026-07-01T13:00:00+00:00,24945.62000000001,25005.11000000001,24885.10000000001,24983.51000000001,28254
2026-07-01T14:00:00+00:00,24983.51000000001,25020.62000000001,24960.60000000001,24984.11000000001,17135
2026-07-01T15:00:00+00:00,24984.11000000001,25086.62000000001,24979.60000000001,25059.12000000001,12897
2026-07-01T16:00:00+00:00,25059.12000000001,25090.77000000001,25045.25000000001,25047.25000000001,6567
2026-07-01T17:00:00+00:00,25047.25000000001,25083.25000000001,25042.76000000001,25047.75000000001,4550
2026-07-01T18:00:00+00:00,25047.75000000001,25059.77000000001,25035.26000000001,25043.350000000006,4168.13934763444
2026-07-01T19:00:00+00:00,25043.350000000006,25066.860000000008,25040.350000000006,25048.610000000008,5467
2026-07-02T00:00:00+00:00,25048.610000000008,25049.310000000005,24991.050000000007,25032.070000000007,2806.661470490163
2026-07-02T01:00:00+00:00,25032.070000000007,25145.820000000007,25027.050000000007,25125.810000000005,6193
2026-07-02T02:00:00+00:00,25125.810000000005,25144.800000000007,25116.050000000007,25124.050000000007,2596.632059415132
2026-07-02T03:00:00+00:00,25124.050000000007,25134.820000000007,25101.070000000007,25132.300000000007,2404.576137642708
2026-07-02T04:00:00+00:00,25132.300000000007,25143.300000000007,25070.060000000005,25092.060000000005,3535
2026-07-02T05:00:00+00:00,25092.060000000005,25119.820000000007,25052.820000000007,25059.300000000007,5094
2026-07-02T06:00:00+00:00,25059.300000000007,25071.810000000005,24971.320000000007,24972.810000000005,7174
2026-07-02T07:00:00+00:00,24972.810000000005,25138.650000000005,24947.050000000007,25105.670000000006,23593
2026-07-02T08:00:00+00:00,25105.670000000006,25166.150000000005,25090.650000000005,25147.670000000006,15468
2026-07-02T09:00:00+00:00,25147.670000000006,25197.160000000007,25129.650000000005,25176.150000000005,10566
2026-07-02T10:00:00+00:00,25176.150000000005,25290.160000000007,25157.650000000005,25279.660000000007,8836
2026-07-02T11:00:00+00:00,25279.660000000007,25309.170000000006,25259.660000000007,25300.660000000007,8176
2026-07-02T12:00:00+00:00,25300.660000000007,25466.670000000006,25292.160000000007,25438.660000000007,18177
2026-07-02T13:00:00+00:00,25438.660000000007,25662.170000000006,25427.650000000005,25640.660000000007,23192
2026-07-02T14:00:00+00:00,25640.660000000007,25652.170000000006,25581.150000000005,25639.660000000007,30230
2026-07-02T15:00:00+00:00,25639.660000000007,25650.660000000007,25544.150000000005,25555.150000000005,26915
2026-07-02T16:00:00+00:00,25555.150000000005,25605.310000000005,25530.810000000005,25540.320000000007,15081
2026-07-02T17:00:00+00:00,25540.320000000007,25542.820000000007,25487.300000000007,25490.300000000007,13493
2026-07-02T18:00:00+00:00,25490.300000000007,25550.820000000007,25479.300000000007,25542.320000000007,10031
2026-07-02T19:00:00+00:00,25542.320000000007,25631.300000000007,25510.310000000005,25619.050000000007,11776
2026-07-03T00:00:00+00:00,25619.050000000007,25638.580000000005,25604.060000000005,25621.330000000005,994.330877752812
2026-07-03T01:00:00+00:00,25621.330000000005,25715.580000000005,25620.320000000007,25695.080000000005,3699
2026-07-03T02:00:00+00:00,25695.080000000005,25705.070000000007,25680.060000000005,25688.820000000007,2003.462839518456
2026-07-03T03:00:00+00:00,25688.820000000007,25719.080000000005,25683.830000000005,25717.070000000007,1784.988004477883
2026-07-03T04:00:00+00:00,25717.070000000007,25728.580000000005,25702.810000000005,25706.560000000005,1577
2026-07-03T05:00:00+00:00,25706.560000000005,25708.580000000005,25673.570000000007,25694.070000000007,1979
2026-07-03T06:00:00+00:00,25694.070000000007,25756.580000000005,25692.580000000005,25756.080000000005,4876
2026-07-03T07:00:00+00:00,25756.080000000005,25826.920000000006,25685.410000000007,25686.930000000008,19992
2026-07-03T08:00:00+00:00,25686.930000000008,25740.420000000006,25627.920000000006,25630.920000000006,12676
2026-07-03T09:00:00+00:00,25630.920000000006,25670.430000000008,25611.420000000006,25653.920000000006,11350
2026-07-03T10:00:00+00:00,25653.920000000006,25706.430000000008,25639.920000000006,25702.910000000007,6334
2026-07-03T11:00:00+00:00,25702.910000000007,25709.910000000007,25657.410000000007,25707.410000000007,5619
2026-07-03T12:00:00+00:00,25707.410000000007,25751.420000000006,25701.410000000007,25750.430000000008,5943
2026-07-03T13:00:00+00:00,25750.430000000008,25785.930000000008,25726.920000000006,25772.420000000006,7521
2026-07-03T14:00:00+00:00,25772.420000000006,25824.920000000006,25741.410000000007,25811.440000000006,6457.38042972128
2026-07-03T15:00:00+00:00,25811.440000000006,25837.430000000004,25781.920000000006,25799.440000000006,6395
2026-07-03T16:00:00+00:00,25799.440000000006,25822.590000000004,25796.070000000003,25805.580000000005,2235
2026-07-03T17:00:00+00:00,25805.580000000005,25810.580000000005,25795.580000000005,25807.090000000004,604.747827081661
2026-07-03T18:00:00+00:00,25807.090000000004,25810.580000000005,25792.070000000003,25795.070000000003,531.1919644529696
2026-07-03T19:00:00+00:00,25795.070000000003,25826.080000000005,25791.580000000005,25823.570000000003,1290.0173041894354
2026-07-06T00:00:00+00:00,25823.570000000003,25873.840000000004,25823.570000000003,25868.590000000004,989.77752553916
2026-07-06T01:00:00+00:00,25868.590000000004,25883.110000000004,25819.100000000006,25837.850000000006,4302.177750155376
2026-07-06T02:00:00+00:00,25837.850000000006,25844.860000000004,25792.090000000004,25807.350000000006,2605
2026-07-06T03:00:00+00:00,25807.350000000006,25820.860000000004,25785.090000000004,25802.850000000006,2774
2026-07-06T04:00:00+00:00,25802.850000000006,25834.840000000004,25785.090000000004,25826.090000000004,2098
2026-07-06T05:00:00+00:00,25826.090000000004,25827.840000000004,25781.860000000004,25792.340000000004,2931.168044077135
2026-07-06T06:00:00+00:00,25792.340000000004,25814.850000000006,25770.860000000004,25798.340000000004,2972
2026-07-06T07:00:00+00:00,25798.340000000004,25913.190000000006,25760.700000000004,25895.210000000006,13400
2026-07-06T08:00:00+00:00,25895.210000000006,25905.210000000006,25828.700000000004,25834.690000000006,11374
2026-07-06T09:00:00+00:00,25834.690000000006,25867.200000000004,25800.190000000006,25847.190000000006,9632
2026-07-06T10:00:00+00:00,25847.190000000006,25854.200000000004,25791.690000000006,25796.690000000006,8013
2026-07-06T11:00:00+00:00,25796.690000000006,25803.190000000006,25757.700000000004,25768.200000000004,6927
2026-07-06T12:00:00+00:00,25768.200000000004,25788.190000000006,25740.210000000006,25744.200000000004,8510
2026-07-06T13:00:00+00:00,25744.200000000004,25772.200000000004,25696.690000000006,25771.200000000004,16410
2026-07-06T14:00:00+00:00,25771.200000000004,25815.710000000006,25758.700000000004,25809.190000000006,14997
2026-07-06T15:00:00+00:00,25809.190000000006,25846.690000000006,25783.700000000004,25804.200000000004,10493
2026-07-06T16:00:00+00:00,25804.200000000004,25812.850000000006,25789.360000000004,25797.860000000004,4067
2026-07-06T17:00:00+00:00,25797.860000000004,25826.360000000004,25790.850000000006,25802.850000000006,4218
2026-07-06T18:00:00+00:00,25802.850000000006,25818.850000000006,25800.840000000004,25809.360000000004,3513
2026-07-06T19:00:00+00:00,25809.360000000004,25828.340000000004,25802.840000000004,25821.600000000006,4673
2026-07-07T00:00:00+00:00,25821.600000000006,25821.600000000006,25781.440000000006,25790.190000000006,1492
2026-07-07T01:00:00+00:00,25790.190000000006,25817.710000000006,25781.440000000006,25798.200000000004,5582
2026-07-07T02:00:00+00:00,25798.200000000004,25807.200000000004,25766.190000000006,25771.700000000004,2808
2026-07-07T03:00:00+00:00,25771.700000000004,25787.710000000006,25739.190000000006,25751.190000000006,2711
2026-07-07T04:00:00+00:00,25751.190000000006,25766.190000000006,25737.700000000004,25741.190000000006,2095
2026-07-07T05:00:00+00:00,25741.190000000006,25781.710000000006,25699.450000000004,25766.210000000006,4479
2026-07-07T06:00:00+00:00,25766.210000000006,25797.200000000004,25746.190000000006,25793.210000000006,5074
2026-07-07T07:00:00+00:00,25793.210000000006,25813.060000000005,25752.050000000007,25785.060000000005,19407
2026-07-07T08:00:00+00:00,25785.060000000005,25806.060000000005,25716.040000000005,25716.040000000005,12045
2026-07-07T09:00:00+00:00,25716.040000000005,25735.560000000005,25689.040000000005,25696.550000000007,9032
2026-07-07T10:00:00+00:00,25696.550000000007,25714.060000000005,25653.540000000005,25670.060000000005,7438
2026-07-07T11:00:00+00:00,25670.060000000005,25682.550000000007,25623.050000000007,25647.550000000007,8512
2026-07-07T12:00:00+00:00,25647.550000000007,25709.550000000007,25640.050000000007,25661.550000000007,9477
2026-07-07T13:00:00+00:00,25661.550000000007,25678.550000000007,25542.540000000005,25561.060000000005,18115
2026-07-07T14:00:00+00:00,25561.060000000005,25566.560000000005,25488.550000000007,25516.550000000007,21077
2026-07-07T15:00:00+00:00,25516.550000000007,25519.560000000005,25464.560000000005,25509.050000000007,13098
2026-07-07T16:00:00+00:00,25509.050000000007,25550.210000000006,25505.200000000004,25542.210000000006,6221
2026-07-07T17:00:00+00:00,25542.210000000006,25553.210000000006,25529.710000000006,25550.200000000004,4129
2026-07-07T18:00:00+00:00,25550.200000000004,25556.210000000006,25498.710000000006,25501.710000000006,6446
2026-07-07T19:00:00+00:00,25501.710000000006,25506.210000000006,25408.460000000006,25468.940000000006,11560
2026-07-08T00:00:00+00:00,25468.940000000006,25513.690000000006,25445.420000000006,25510.690000000006,2528
2026-07-08T01:00:00+00:00,25510.690000000006,25533.180000000004,25479.430000000004,25498.430000000004,5595
2026-07-08T02:00:00+00:00,25498.430000000004,25503.180000000004,25443.420000000006,25469.680000000004,4327.297083916974
2026-07-08T03:00:00+00:00,25469.680000000004,25488.190000000006,25450.430000000004,25476.430000000004,3281
2026-07-08T04:00:00+00:00,25476.430000000004,25483.180000000004,25435.420000000006,25463.690000000006,3406
2026-07-08T05:00:00+00:00,25463.690000000006,25476.170000000006,25404.440000000006,25418.190000000006,5742
2026-07-08T06:00:00+00:00,25418.190000000006,25423.690000000006,25299.170000000006,25316.190000000006,6689
2026-07-08T07:00:00+00:00,25316.190000000006,25339.040000000005,25152.020000000004,25198.030000000006,29388
2026-07-08T08:00:00+00:00,25198.030000000006,25206.020000000004,24881.520000000004,24901.530000000006,47981
2026-07-08T09:00:00+00:00,24901.530000000006,24921.540000000005,24825.030000000006,24856.540000000005,30893
2026-07-08T10:00:00+00:00,24856.540000000005,24960.520000000004,24834.040000000005,24934.540000000005,23262
2026-07-08T11:00:00+00:00,24934.540000000005,25082.540000000005,24896.020000000004,24991.530000000006,22686
2026-07-08T12:00:00+00:00,24991.530000000006,25062.040000000005,24956.020000000004,24996.040000000005,18314
2026-07-08T13:00:00+00:00,24996.040000000005,25083.040000000005,24961.040000000005,25034.020000000004,32336
2026-07-08T14:00:00+00:00,25034.020000000004,25055.040000000005,24930.040000000005,24942.530000000006,33467
2026-07-08T15:00:00+00:00,24942.530000000006,24949.020000000004,24846.530000000006,24891.540000000005,22401
2026-07-08T16:00:00+00:00,24891.540000000005,25011.170000000006,24886.680000000004,25003.170000000006,17218
2026-07-08T17:00:00+00:00,25003.170000000006,25013.690000000006,24972.170000000006,24984.680000000004,8093
2026-07-08T18:00:00+00:00,24984.680000000004,25018.690000000006,24972.670000000006,25010.270000000004,8471.715298052666
2026-07-08T19:00:00+00:00,25010.270000000004,25019.750000000004,24981.260000000002,25012.510000000002,7675
2026-07-09T00:00:00+00:00,25012.510000000002,25044.280000000002,25002.530000000002,25025.540000000005,2857
2026-07-09T01:00:00+00:00,25025.540000000005,25061.780000000002,25010.530000000002,25033.540000000005,6601
2026-07-09T02:00:00+00:00,25033.540000000005,25077.290000000005,24994.520000000004,24995.540000000005,6330
2026-07-09T03:00:00+00:00,24995.540000000005,25049.280000000002,24973.520000000004,25038.540000000005,4469
2026-07-09T04:00:00+00:00,25038.540000000005,25057.770000000004,25011.520000000004,25050.540000000005,4996
2026-07-09T05:00:00+00:00,25050.540000000005,25104.780000000002,25015.520000000004,25101.790000000005,7245
2026-07-09T06:00:00+00:00,25101.790000000005,25111.270000000004,25047.270000000004,25072.770000000004,7885
2026-07-09T07:00:00+00:00,25072.770000000004,25122.640000000003,24988.140000000003,25024.120000000003,23813
2026-07-09T08:00:00+00:00,25024.120000000003,25033.630000000005,24910.640000000003,24928.640000000003,19038
2026-07-09T09:00:00+00:00,24928.640000000003,24962.120000000003,24894.130000000005,24943.620000000003,14849
2026-07-09T10:00:00+00:00,24943.620000000003,24965.120000000003,24853.140000000003,24903.130000000005,12888
2026-07-09T11:00:00+00:00,24903.130000000005,24962.630000000005,24894.130000000005,24937.130000000005,12426
2026-07-09T12:00:00+00:00,24937.130000000005,25005.640000000003,24928.130000000005,24989.640000000003,12189
2026-07-09T13:00:00+00:00,24989.640000000003,25058.640000000003,24966.120000000003,25035.630000000005,17650
2026-07-09T14:00:00+00:00,25035.630000000005,25084.140000000003,24990.620000000003,25084.140000000003,20586
2026-07-09T15:00:00+00:00,25084.140000000003,25118.120000000003,25065.620000000003,25088.640000000003,11451
2026-07-09T16:00:00+00:00,25088.640000000003,25112.780000000002,25085.270000000004,25092.770000000004,4978
2026-07-09T17:00:00+00:00,25092.770000000004,25130.770000000004,25091.770000000004,25118.770000000004,2843
2026-07-09T18:00:00+00:00,25118.770000000004,25127.790000000005,25087.770000000004,25102.270000000004,3660
2026-07-09T19:00:00+00:00,25102.270000000004,25112.540000000005,25081.790000000005,25111.020000000004,4126
2026-07-10T00:00:00+00:00,25111.020000000004,25111.020000000004,25059.130000000005,25083.890000000003,1602.9867812293455
2026-07-10T01:00:00+00:00,25083.890000000003,25120.9,25075.15,25106.9,3173
2026-07-10T02:00:00+00:00,25106.9,25130.9,25088.15,25099.140000000003,3949
2026-07-10T03:00:00+00:00,25099.140000000003,25123.4,25083.130000000005,25098.890000000003,2059.398674891478
2026-07-10T04:00:00+00:00,25098.890000000003,25098.9,25063.130000000005,25066.130000000005,1807
2026-07-10T05:00:00+00:00,25066.130000000005,25089.890000000003,25053.130000000005,25060.130000000005,3193
2026-07-10T06:00:00+00:00,25060.130000000005,25118.9,25060.130000000005,25093.380000000005,5855
2026-07-10T07:00:00+00:00,25093.380000000005,25190.730000000003,25061.750000000004,25110.250000000004,18505
2026-07-10T08:00:00+00:00,25110.250000000004,25159.750000000004,25053.250000000004,25071.750000000004,14671
2026-07-10T09:00:00+00:00,25071.750000000004,25116.750000000004,25042.730000000003,25068.250000000004,10928
2026-07-10T10:00:00+00:00,25068.250000000004,25149.24,25067.750000000004,25125.730000000003,7490
2026-07-10T11:00:00+00:00,25125.730000000003,25142.250000000004,25081.24,25093.750000000004,7957
2026-07-10T12:00:00+00:00,25093.750000000004,25183.74,25058.74,25114.250000000004,13457
2026-07-10T13:00:00+00:00,25114.250000000004,25148.750000000004,25077.750000000004,25080.230000000003,13761
2026-07-10T14:00:00+00:00,25080.230000000003,25117.250000000004,24914.750000000004,25030.730000000003,25174.98206777772
2026-07-10T15:00:00+00:00,25030.730000000003,25078.240000000005,24998.230000000003,25067.240000000005,13686
2026-07-10T16:00:00+00:00,25067.240000000005,25102.370000000006,25063.380000000005,25101.390000000003,4805
2026-07-10T17:00:00+00:00,25101.390000000003,25115.390000000003,25088.870000000006,25100.890000000003,2178
2026-07-10T18:00:00+00:00,25100.890000000003,25117.390000000003,25095.380000000005,25102.370000000006,2996
2026-07-10T19:00:00+00:00,25102.370000000006,25114.370000000006,25086.880000000005,25093.640000000003,3471
2026-07-13T00:00:00+00:00,25093.640000000003,25093.640000000003,24924.530000000006,24939.780000000006,3894
2026-07-13T01:00:00+00:00,24939.780000000006,24945.280000000006,24883.520000000004,24897.520000000004,8045
2026-07-13T02:00:00+00:00,24897.520000000004,24915.780000000006,24877.520000000004,24879.780000000006,3595
2026-07-13T03:00:00+00:00,24879.780000000006,24882.280000000006,24834.270000000004,24836.280000000006,2774
2026-07-13T04:00:00+00:00,24836.280000000006,24836.280000000006,24781.510000000006,24794.760000000006,3196
2026-07-13T05:00:00+00:00,24794.760000000006,24852.280000000006,24758.520000000004,24840.260000000006,5730
2026-07-13T06:00:00+00:00,24840.260000000006,24922.770000000004,24840.260000000006,24918.760000000006,8509
2026-07-13T07:00:00+00:00,24918.760000000006,25061.110000000004,24917.110000000004,25060.110000000004,18379
2026-07-13T08:00:00+00:00,25060.110000000004,25113.110000000004,25040.130000000005,25107.620000000006,11805
2026-07-13T09:00:00+00:00,25107.620000000006,25147.620000000006,25080.610000000004,25136.620000000006,7149
2026-07-13T10:00:00+00:00,25136.620000000006,25146.630000000005,25055.110000000004,25095.620000000006,7785
2026-07-13T11:00:00+00:00,25095.620000000006,25124.120000000006,25077.610000000004,25089.630000000005,9256
2026-07-13T12:00:00+00:00,25089.630000000005,25116.630000000005,25040.610000000004,25111.130000000005,12206
2026-07-13T13:00:00+00:00,25111.130000000005,25123.620000000006,25055.110000000004,25109.630000000005,18724
2026-07-13T14:00:00+00:00,25109.630000000005,25123.120000000006,24962.610000000004,25109.610000000004,28215
2026-07-13T15:00:00+00:00,25109.610000000004,25118.630000000005,25057.110000000004,25075.120000000006,14155
2026-07-13T16:00:00+00:00,25075.120000000006,25092.760000000006,25011.770000000004,25036.270000000004,14216
2026-07-13T17:00:00+00:00,25036.270000000004,25068.270000000004,25001.270000000004,25002.760000000006,8407
2026-07-13T18:00:00+00:00,25002.760000000006,25011.780000000006,24969.780000000006,25006.270000000004,9505
2026-07-13T19:00:00+00:00,25006.270000000004,25016.260000000006,24955.260000000006,25004.530000000006,8136
2026-07-14T00:00:00+00:00,25004.530000000006,25004.530000000006,24814.000000000004,24898.750000000004,4634
2026-07-14T01:00:00+00:00,24898.750000000004,24910.760000000006,24832.000000000004,24841.010000000006,8234.320206813514
2026-07-14T02:00:00+00:00,24841.010000000006,24874.020000000004,24810.000000000004,24816.770000000004,7091
2026-07-14T03:00:00+00:00,24816.770000000004,24851.760000000006,24762.020000000004,24849.770000000004,5188
2026-07-14T04:00:00+00:00,24849.770000000004,24928.520000000004,24826.000000000004,24928.520000000004,4069.201220854601
2026-07-14T05:00:00+00:00,24928.520000000004,24985.770000000004,24908.510000000006,24961.760000000006,3698
2026-07-14T06:00:00+00:00,24961.760000000006,24998.770000000004,24844.770000000004,24855.260000000006,9569
2026-07-14T07:00:00+00:00,24855.260000000006,24996.620000000006,24835.600000000006,24962.600000000006,32795
2026-07-14T08:00:00+00:00,24962.600000000006,24993.110000000004,24911.100000000006,24921.610000000004,23508
2026-07-14T09:00:00+00:00,24921.610000000004,24993.120000000006,24910.610000000004,24977.610000000004,16504
2026-07-14T10:00:00+00:00,24977.610000000004,25004.120000000006,24901.620000000006,24932.110000000004,14205
2026-07-14T11:00:00+00:00,24932.110000000004,24938.110000000004,24871.600000000006,24899.600000000006,21039
2026-07-14T12:00:00+00:00,24899.600000000006,25079.100000000006,24852.110000000004,24967.610000000004,25400
2026-07-14T13:00:00+00:00,24967.610000000004,25090.610000000004,24961.100000000006,25084.620000000006,28783
2026-07-14T14:00:00+00:00,25084.620000000006,25194.520000000004,25023.120000000006,25114.120000000006,30817
2026-07-14T15:00:00+00:00,25114.120000000006,25169.120000000006,25060.610000000004,25076.120000000006,21959
2026-07-14T16:00:00+00:00,25076.120000000006,25092.260000000006,25054.270000000004,25091.760000000006,11316
2026-07-14T17:00:00+00:00,25091.760000000006,25099.770000000004,25060.260000000006,25062.770000000004,4515
2026-07-14T18:00:00+00:00,25062.770000000004,25068.260000000006,25025.770000000004,25041.760000000006,4769
2026-07-14T19:00:00+00:00,25041.760000000006,25053.250000000004,25017.500000000004,25024.520000000004,5091
2026-07-15T00:00:00+00:00,25024.520000000004,25065.030000000006,25022.770000000004,25063.520000000004,757
2026-07-15T01:00:00+00:00,25063.520000000004,25068.010000000006,25016.760000000006,25051.520000000004,3416.9749031613246
2026-07-15T02:00:00+00:00,25051.520000000004,25072.520000000004,25039.260000000006,25055.030000000006,1604.3719064092168
2026-07-15T03:00:00+00:00,25055.030000000006,25078.530000000006,25045.280000000006,25073.010000000006,1772.2525014714538
2026-07-15T04:00:00+00:00,25073.010000000006,25084.030000000006,25063.280000000006,25079.280000000006,942.107220066905
2026-07-15T05:00:00+00:00,25079.280000000006,25123.010000000006,25016.260000000006,25048.530000000006,4608
2026-07-15T06:00:00+00:00,25048.530000000006,25056.020000000004,24977.510000000006,25003.010000000006,6819
2026-07-15T07:00:00+00:00,25003.010000000006,25004.880000000005,24813.260000000006,24900.880000000005,23700
2026-07-15T08:00:00+00:00,24900.880000000005,25007.870000000006,24884.370000000006,24988.370000000006,16757
2026-07-15T09:00:00+00:00,24988.370000000006,25019.380000000005,24920.360000000004,24927.370000000006,12170
2026-07-15T10:00:00+00:00,24927.370000000006,24970.380000000005,24917.870000000006,24917.880000000005,12441
2026-07-15T11:00:00+00:00,24917.880000000005,24987.380000000005,24894.380000000005,24981.380000000005,10585
2026-07-15T12:00:00+00:00,24981.380000000005,25015.370000000006,24957.370000000006,24997.370000000006,12045
2026-07-15T13:00:00+00:00,24997.370000000006,25035.370000000006,24936.860000000004,24998.880000000005,20320
2026-07-15T14:00:00+00:00,24998.880000000005,25040.870000000006,24975.870000000006,25019.380000000005,22888
2026-07-15T15:00:00+00:00,25019.380000000005,25023.870000000006,24973.860000000004,24978.370000000006,17216
2026-07-15T16:00:00+00:00,24978.370000000006,24982.010000000006,24904.030000000006,24945.020000000004,12068
2026-07-15T17:00:00+00:00,24945.020000000004,25016.530000000006,24945.020000000004,25001.030000000006,5169
2026-07-15T18:00:00+00:00,25001.030000000006,25010.020000000004,24976.500000000004,24980.000000000004,3518.7897383448394
2026-07-15T19:00:00+00:00,24980.000000000004,24998.510000000002,24956.510000000002,24977.760000000002,6164
2026-07-16T00:00:00+00:00,24977.760000000002,24996.31,24934.550000000003,24942.550000000003,2400
2026-07-16T01:00:00+00:00,24942.550000000003,24947.800000000003,24886.570000000003,24914.56,7642
2026-07-16T02:00:00+00:00,24914.56,24966.56,24892.550000000003,24964.550000000003,3212
2026-07-16T03:00:00+00:00,24964.550000000003,25011.820000000003,24958.56,25011.300000000003,2126.1466083150985
2026-07-16T04:00:00+00:00,25011.300000000003,25016.300000000003,24969.550000000003,24976.31,1711.124098124098
2026-07-16T05:00:00+00:00,24976.31,25041.570000000003,24974.550000000003,25004.31,4111
2026-07-16T06:00:00+00:00,25004.31,25020.820000000003,24949.300000000003,25008.320000000003,9810
2026-07-16T07:00:00+00:00,25008.320000000003,25031.65,24826.65,24852.160000000003,23042
2026-07-16T08:00:00+00:00,24852.160000000003,24922.65,24803.65,24885.670000000002,19771
2026-07-16T09:00:00+00:00,24885.670000000002,24929.670000000002,24816.670000000002,24837.160000000003,14354
2026-07-16T10:00:00+00:00,24837.160000000003,24860.660000000003,24795.660000000003,24816.670000000002,12744
2026-07-16T11:00:00+00:00,24816.670000000002,24821.65,24676.160000000003,24754.670000000002,15717
2026-07-16T12:00:00+00:00,24754.670000000002,24780.670000000002,24681.15,24715.65,17354
2026-07-16T13:00:00+00:00,24715.65,24780.660000000003,24705.660000000003,24759.170000000002,20630
2026-07-16T14:00:00+00:00,24759.170000000002,24806.670000000002,24754.15,24802.15,17787
2026-07-16T15:00:00+00:00,24802.15,24920.65,24794.160000000003,24867.670000000002,12082
2026-07-16T16:00:00+00:00,24867.670000000002,24894.820000000003,24816.300000000003,24888.81,11164
2026-07-16T17:00:00+00:00,24888.81,24898.31,24857.300000000003,24865.81,6067
2026-07-16T18:00:00+00:00,24865.81,24880.31,24843.300000000003,24858.31,8034
2026-07-16T19:00:00+00:00,24858.31,24869.300000000003,24807.81,24863.070000000003,8528
2026-07-17T00:00:00+00:00,24863.070000000003,24863.070000000003,24759.88,24784.9,1186
2026-07-17T01:00:00+00:00,24784.9,24806.15,24708.9,24715.890000000003,4806
2026-07-17T02:00:00+00:00,24715.890000000003,24733.13,24694.88,24702.890000000003,1921
2026-07-17T03:00:00+00:00,24702.890000000003,24756.640000000003,24685.88,24685.9,2354.3687279446285
2026-07-17T04:00:00+00:00,24685.9,24687.65,24590.9,24646.88,5203
2026-07-17T05:00:00+00:00,24646.88,24693.65,24626.890000000003,24683.9,4705
2026-07-17T06:00:00+00:00,24683.9,24771.15,24667.15,24720.140000000003,9083
2026-07-17T07:00:00+00:00,24720.140000000003,24821.500000000004,24692.99,24796.480000000003,23312
2026-07-17T08:00:00+00:00,24796.480000000003,24834.000000000004,24671.980000000003,24707.500000000004,24111
2026-07-17T09:00:00+00:00,24707.500000000004,24707.980000000003,24633.480000000003,24674.99,19370
2026-07-17T10:00:00+00:00,24674.99,24779.49,24662.980000000003,24753.000000000004,14222
2026-07-17T11:00:00+00:00,24753.000000000004,24785.480000000003,24714.99,24780.99,11342
2026-07-17T12:00:00+00:00,24780.99,24793.99,24736.980000000003,24748.480000000003,11851
2026-07-17T13:00:00+00:00,24748.480000000003,24788.49,24677.480000000003,24788.000000000004,24003
2026-07-17T14:00:00+00:00,24788.000000000004,24806.500000000004,24746.980000000003,24784.480000000003,22467
2026-07-17T15:00:00+00:00,24784.480000000003,24863.480000000003,24746.500000000004,24861.000000000004,16630
2026-07-17T16:00:00+00:00,24861.000000000004,24864.63,24801.63,24836.65,13042
2026-07-17T17:00:00+00:00,24836.65,24861.63,24800.13,24801.65,5999
2026-07-17T18:00:00+00:00,24801.65,24814.65,24773.13,24790.63,8374
2026-07-17T19:00:00+00:00,24790.63,24830.15,24747.15,24812.890000000003,9364
2026-07-20T00:00:00+00:00,24812.890000000003,24813.390000000003,24775.140000000003,24787.400000000005,2111.357849472754
2026-07-20T01:00:00+00:00,24787.400000000005,24828.390000000003,24738.640000000003,24757.650000000005,7898.907293858794
2026-07-20T02:00:00+00:00,24757.650000000005,24796.650000000005,24730.640000000003,24779.660000000003,4396.022009790025
2026-07-20T03:00:00+00:00,24779.660000000003,24803.640000000003,24765.640000000003,24785.650000000005,5169
2026-07-20T04:00:00+00:00,24785.650000000005,24826.410000000003,24769.640000000003,24800.910000000003,3514
2026-07-20T05:00:00+00:00,24800.910000000003,24806.410000000003,24714.640000000003,24717.650000000005,5438
2026-07-20T06:00:00+00:00,24717.650000000005,24744.400000000005,24685.390000000003,24702.910000000003,10205
2026-07-20T07:00:00+00:00,24702.910000000003,24862.750000000004,24693.750000000004,24814.250000000004,28949
2026-07-20T08:00:00+00:00,24814.250000000004,24869.260000000006,24792.750000000004,24860.750000000004,15488
2026-07-20T09:00:00+00:00,24860.750000000004,24903.740000000005,24831.240000000005,24876.760000000006,10735
2026-07-20T10:00:00+00:00,24876.760000000006,24884.240000000005,24774.750000000004,24816.240000000005,11800
2026-07-20T11:00:00+00:00,24816.240000000005,24932.260000000006,24815.740000000005,24899.250000000004,20688
2026-07-20T12:00:00+00:00,24899.250000000004,24901.760000000006,24784.240000000005,24792.250000000004,19859
2026-07-20T13:00:00+00:00,24792.250000000004,24803.260000000006,24712.260000000006,24742.240000000005,19046
2026-07-20T14:00:00+00:00,24742.240000000005,24806.750000000004,24716.740000000005,24782.240000000005,21218
2026-07-20T15:00:00+00:00,24782.240000000005,24834.760000000006,24763.240000000005,24804.760000000006,18181
2026-07-20T16:00:00+00:00,24804.760000000006,24837.900000000005,24757.650000000005,24770.910000000003,9791
2026-07-20T17:00:00+00:00,24770.910000000003,24779.400000000005,24742.890000000003,24755.410000000003,8618
2026-07-20T18:00:00+00:00,24755.410000000003,24770.910000000003,24684.390000000003,24699.410000000003,8789
2026-07-20T19:00:00+00:00,24699.410000000003,24714.390000000003,24648.390000000003,24656.660000000003,11650
2026-07-21T00:00:00+00:00,24656.660000000003,24698.040000000005,24656.660000000003,24679.290000000005,1810
2026-07-21T01:00:00+00:00,24679.290000000005,24738.530000000002,24664.290000000005,24693.280000000002,5160
2026-07-21T02:00:00+00:00,24693.280000000002,24734.540000000005,24684.270000000004,24733.540000000005,2779
2026-07-21T03:00:00+00:00,24733.540000000005,24783.030000000002,24733.540000000005,24770.290000000005,2546
2026-07-21T04:00:00+00:00,24770.290000000005,24788.020000000004,24763.270000000004,24777.020000000004,1137.069266589057
2026-07-21T05:00:00+00:00,24777.020000000004,24819.040000000005,24745.290000000005,24811.520000000004,2655
2026-07-21T06:00:00+00:00,24811.520000000004,24826.540000000005,24782.040000000005,24819.030000000002,7292
2026-07-21T07:00:00+00:00,24819.030000000002,24888.390000000003,24775.880000000005,24828.390000000003,23602
2026-07-21T08:00:00+00:00,24828.390000000003,24861.370000000003,24789.880000000005,24838.390000000003,15059
2026-07-21T09:00:00+00:00,24838.390000000003,24909.880000000005,24834.390000000003,24883.380000000005,11161
2026-07-21T10:00:00+00:00,24883.380000000005,24943.870000000003,24883.380000000005,24886.390000000003,13276
2026-07-21T11:00:00+00:00,24886.390000000003,24892.380000000005,24817.870000000003,24850.890000000003,10218
2026-07-21T12:00:00+00:00,24850.890000000003,24863.390000000003,24781.370000000003,24850.390000000003,13966
2026-07-21T13:00:00+00:00,24850.390000000003,24857.390000000003,24765.890000000003,24781.880000000005,18730
2026-07-21T14:00:00+00:00,24781.880000000005,24924.380000000005,24780.870000000003,24914.380000000005,16254
2026-07-21T15:00:00+00:00,24914.380000000005,24993.880000000005,24894.870000000003,24985.880000000005,10022
2026-07-21T16:00:00+00:00,24985.880000000005,25013.020000000004,24984.520000000004,24996.020000000004,4721
2026-07-21T17:00:00+00:00,24996.020000000004,25003.540000000005,24985.030000000002,24990.030000000002,3427
2026-07-21T18:00:00+00:00,24990.030000000002,25012.540000000005,24989.520000000004,25007.030000000002,3297
2026-07-21T19:00:00+00:00,25007.030000000002,25028.020000000004,24996.030000000002,25022.290000000005,4222
2026-07-22T00:00:00+00:00,25022.290000000005,25037.900000000005,25017.150000000005,25036.170000000006,498.3750608256814
2026-07-22T01:00:00+00:00,25036.170000000006,25054.410000000003,25015.150000000005,25041.900000000005,3245
2026-07-22T02:00:00+00:00,25041.900000000005,25041.900000000005,25015.160000000003,25022.910000000003,3046
2026-07-22T03:00:00+00:00,25022.910000000003,25037.910000000003,24992.160000000003,25003.170000000006,2853
2026-07-22T04:00:00+00:00,25003.170000000006,25029.910000000003,24998.150000000005,25015.160000000003,1989.5012773204655
2026-07-22T05:00:00+00:00,25015.160000000003,25015.160000000003,24990.160000000003,25000.920000000006,3727
2026-07-22T06:00:00+00:00,25000.920000000006,25022.420000000006,24905.400000000005,24917.920000000006,7210
2026-07-22T07:00:00+00:00,24917.920000000006,25037.270000000004,24917.920000000006,25019.250000000004,24076
2026-07-22T08:00:00+00:00,25019.250000000004,25143.270000000004,25012.750000000004,25125.750000000004,17428
2026-07-22T09:00:00+00:00,25125.750000000004,25195.260000000006,25067.770000000004,25120.760000000006,14933
2026-07-22T10:00:00+00:00,25120.760000000006,25223.770000000004,25081.250000000004,25083.760000000006,21448
2026-07-22T11:00:00+00:00,25083.760000000006,25088.250000000004,24998.770000000004,25010.270000000004,21479
2026-07-22T12:00:00+00:00,25010.270000000004,25131.270000000004,25001.260000000006,25092.770000000004,17424
2026-07-22T13:00:00+00:00,25092.770000000004,25165.750000000004,25073.760000000006,25147.750000000004,18722
2026-07-22T14:00:00+00:00,25147.750000000004,25152.260000000006,25094.260000000006,25123.260000000006,17729
2026-07-22T15:00:00+00:00,25123.260000000006,25161.270000000004,25107.750000000004,25153.250000000004,11933
2026-07-22T16:00:00+00:00,25153.250000000004,25156.400000000005,25118.400000000005,25152.910000000003,5394
2026-07-22T17:00:00+00:00,25152.910000000003,25157.910000000003,25120.400000000005,25122.420000000006,4338
2026-07-22T18:00:00+00:00,25122.420000000006,25124.920000000006,25088.400000000005,25102.910000000003,4985
2026-07-22T19:00:00+00:00,25102.910000000003,25107.400000000005,25085.410000000003,25102.160000000003,5049
2026-07-23T00:00:00+00:00,25102.160000000003,25164.740000000005,25102.160000000003,25152.970000000005,1292
2026-07-23T01:00:00+00:00,25152.970000000005,25166.220000000005,25116.970000000005,25122.970000000005,5594
2026-07-23T02:00:00+00:00,25122.970000000005,25132.730000000003,25087.970000000005,25101.980000000003,2848
2026-07-23T03:00:00+00:00,25101.980000000003,25114.240000000005,25069.970000000005,25106.720000000005,3373
2026-07-23T04:00:00+00:00,25106.720000000005,25113.720000000005,25052.990000000005,25060.980000000003,2883
2026-07-23T05:00:00+00:00,25060.980000000003,25080.740000000005,24983.980000000003,24989.240000000005,3510
2026-07-23T06:00:00+00:00,24989.240000000005,25030.230000000003,24959.220000000005,24969.730000000003,7227
2026-07-23T07:00:00+00:00,24969.730000000003,24969.730000000003,24847.580000000005,24932.070000000003,32075
2026-07-23T08:00:00+00:00,24932.070000000003,25018.090000000004,24914.070000000003,24979.080000000005,20330
2026-07-23T09:00:00+00:00,24979.080000000005,25022.070000000003,24927.590000000004,24939.090000000004,17892
2026-07-23T10:00:00+00:00,24939.090000000004,24996.070000000003,24908.580000000005,24973.090000000004,15139
2026-07-23T11:00:00+00:00,24973.090000000004,24976.570000000003,24878.070000000003,24944.090000000004,14831
2026-07-23T12:00:00+00:00,24944.090000000004,24948.090000000004,24781.070000000003,24792.090000000004,19230
2026-07-23T13:00:00+00:00,24792.090000000004,24824.570000000003,24693.590000000004,24767.070000000003,29831
2026-07-23T14:00:00+00:00,24767.070000000003,24810.090000000004,24692.570000000003,24735.070000000003,33378
2026-07-23T15:00:00+00:00,24735.070000000003,24742.090000000004,24638.090000000004,24728.570000000003,21296
2026-07-23T16:00:00+00:00,24728.570000000003,24782.230000000003,24722.230000000003,24736.720000000005,9890
2026-07-23T17:00:00+00:00,24736.720000000005,24747.740000000005,24702.220000000005,24702.240000000005,11524
2026-07-23T18:00:00+00:00,24702.240000000005,24712.240000000005,24682.220000000005,24698.240000000005,8310
2026-07-23T19:00:00+00:00,24698.240000000005,24712.220000000005,24661.740000000005,24690.480000000003,7397
2026-07-24T00:00:00+00:00,24690.480000000003,24721.660000000003,24676.900000000005,24710.910000000003,1869
2026-07-24T01:00:00+00:00,24710.910000000003,24732.150000000005,24690.890000000003,24700.160000000003,3947
2026-07-24T02:00:00+00:00,24700.160000000003,24712.640000000003,24646.900000000005,24648.910000000003,2712
2026-07-24T03:00:00+00:00,24648.910000000003,24680.160000000003,24642.640000000003,24656.910000000003,4456
2026-07-24T04:00:00+00:00,24656.910000000003,24685.640000000003,24644.890000000003,24683.890000000003,2339
2026-07-24T05:00:00+00:00,24683.890000000003,24736.660000000003,24676.910000000003,24705.640000000003,4429
2026-07-24T06:00:00+00:00,24705.640000000003,24733.640000000003,24656.650000000005,24689.640000000003,8756
2026-07-24T07:00:00+00:00,24689.640000000003,24895.990000000005,24682.500000000004,24836.510000000006,21546
2026-07-24T08:00:00+00:00,24836.510000000006,24920.000000000004,24806.500000000004,24890.990000000005,15748
2026-07-24T09:00:00+00:00,24890.990000000005,24954.500000000004,24880.010000000006,24940.990000000005,10557
2026-07-24T10:00:00+00:00,24940.990000000005,24946.510000000006,24890.510000000006,24910.000000000004,8467
2026-07-24T11:00:00+00:00,24910.000000000004,24933.500000000004,24863.990000000005,24915.490000000005,13139
2026-07-24T12:00:00+00:00,24915.490000000005,24937.000000000004,24853.500000000004,24860.990000000005,12219
2026-07-24T13:00:00+00:00,24860.990000000005,24945.500000000004,24860.500000000004,24900.490000000005,16106
2026-07-24T14:00:00+00:00,24900.490000000005,24950.510000000006,24885.990000000005,24945.000000000004,20657
2026-07-24T15:00:00+00:00,24945.000000000004,25085.010000000006,24928.000000000004,25060.010000000006,17681
2026-07-24T16:00:00+00:00,25060.010000000006,25077.150000000005,25030.150000000005,25056.150000000005,7198
2026-07-24T17:00:00+00:00,25056.150000000005,25072.150000000005,25008.640000000003,25038.150000000005,7598
2026-07-24T18:00:00+00:00,25038.150000000005,25046.160000000003,24987.140000000003,25008.160000000003,8101
2026-07-24T19:00:00+00:00,25008.160000000003,25026.390000000003,24973.640000000003,25026.390000000003,10104
2026-07-27T00:00:00+00:00,25026.390000000003,25184.110000000004,25026.390000000003,25157.360000000004,1862.9637726420988
2026-07-27T01:00:00+00:00,25157.360000000004,25199.120000000003,25130.360000000004,25194.360000000004,8187
2026-07-27T02:00:00+00:00,25194.360000000004,25225.110000000004,25189.350000000006,25216.120000000003,3272.0270764155157
2026-07-27T03:00:00+00:00,25216.120000000003,25257.600000000006,25208.350000000006,25218.350000000006,4542.537661050545
2026-07-27T04:00:00+00:00,25218.350000000006,25293.610000000004,25218.350000000006,25276.360000000004,2730.3627338678884
2026-07-27T05:00:00+00:00,25276.360000000004,25331.620000000003,25270.360000000004,25312.350000000006,3724
2026-07-27T06:00:00+00:00,25312.350000000006,25407.600000000006,25312.350000000006,25401.110000000004,7234
2026-07-27T07:00:00+00:00,25401.110000000004,25439.970000000005,25343.450000000004,25346.470000000005,21811
2026-07-27T08:00:00+00:00,25346.470000000005,25467.470000000005,25324.460000000003,25466.450000000004,18161
2026-07-27T09:00:00+00:00,25466.450000000004,25470.950000000004,25423.950000000004,25438.960000000003,12329
2026-07-27T10:00:00+00:00,25438.960000000003,25489.970000000005,25418.960000000003,25468.460000000003,9188
2026-07-27T11:00:00+00:00,25468.460000000003,25503.460000000003,25461.950000000004,25485.450000000004,9990
2026-07-27T12:00:00+00:00,25485.450000000004,25502.950000000004,25443.450000000004,25471.970000000005,13312
2026-07-27T13:00:00+00:00,25471.970000000005,25523.950000000004,25432.470000000005,25436.460000000003,20226
2026-07-27T14:00:00+00:00,25436.460000000003,25468.460000000003,25357.460000000003,25436.460000000003,25381
2026-07-27T15:00:00+00:00,25436.460000000003,25437.450000000004,25324.460000000003,25357.450000000004,18784
2026-07-27T16:00:00+00:00,25357.450000000004,25428.120000000003,25351.100000000006,25358.610000000004,15507
2026-07-27T17:00:00+00:00,25358.610000000004,25400.120000000003,25338.600000000006,25399.100000000006,10532
2026-07-27T18:00:00+00:00,25399.100000000006,25428.620000000003,25374.600000000006,25428.610000000004,9796
2026-07-27T19:00:00+00:00,25428.610000000004,25444.610000000004,25414.100000000006,25438.350000000006,7555
2026-07-28T00:00:00+00:00,25438.350000000006,25438.350000000006,25360.040000000005,25362.060000000005,1461
2026-07-28T01:00:00+00:00,25362.060000000005,25389.790000000005,25337.040000000005,25349.050000000003,6209
2026-07-28T02:00:00+00:00,25349.050000000003,25375.810000000005,25338.040000000005,25360.800000000003,4400
2026-07-28T03:00:00+00:00,25360.800000000003,25460.810000000005,25341.050000000003,25449.310000000005,6080
2026-07-28T04:00:00+00:00,25449.310000000005,25449.310000000005,25387.790000000005,25398.810000000005,3024
2026-07-28T05:00:00+00:00,25398.810000000005,25410.800000000003,25353.040000000005,25371.790000000005,3408
2026-07-28T06:00:00+00:00,25371.790000000005,25443.310000000005,25361.790000000005,25420.290000000005,9904
2026-07-28T07:00:00+00:00,25420.290000000005,25518.660000000003,25399.140000000003,25436.150000000005,27912
2026-07-28T08:00:00+00:00,25436.150000000005,25478.660000000003,25392.140000000003,25456.640000000003,21896
2026-07-28T09:00:00+00:00,25456.640000000003,25500.160000000003,25444.140000000003,25473.640000000003,12258
2026-07-28T10:00:00+00:00,25473.640000000003,25485.660000000003,25391.640000000003,25412.140000000003,13000
2026-07-28T11:00:00+00:00,25412.140000000003,25414.160000000003,25313.640000000003,25363.660000000003,14837
2026-07-28T12:00:00+00:00,25363.660000000003,25389.150000000005,25297.160000000003,25305.150000000005,13742
2026-07-28T13:00:00+00:00,25305.150000000005,25340.150000000005,25266.640000000003,25313.650000000005,21556
2026-07-28T14:00:00+00:00,25313.650000000005,25383.660000000003,25309.660000000003,25354.660000000003,23138
2026-07-28T15:00:00+00:00,25354.660000000003,25473.660000000003,25329.140000000003,25464.640000000003,18704
2026-07-28T16:00:00+00:00,25464.640000000003,25509.810000000005,25445.290000000005,25499.810000000005,8257
2026-07-28T17:00:00+00:00,25499.810000000005,25510.310000000005,25463.800000000003,25474.800000000003,8295
2026-07-28T18:00:00+00:00,25474.800000000003,25483.290000000005,25456.790000000005,25477.810000000005,6323
2026-07-28T19:00:00+00:00,25477.810000000005,25491.810000000005,25463.790000000005,25470.550000000003,4998
2026-07-29T00:00:00+00:00,25470.550000000003,25472.040000000005,25430.270000000004,25433.290000000005,2682
2026-07-29T01:00:00+00:00,25433.290000000005,25437.020000000004,25323.280000000002,25323.280000000002,10703
2026-07-29T02:00:00+00:00,25323.280000000002,25347.540000000005,25314.270000000004,25320.280000000002,6528
2026-07-29T03:00:00+00:00,25320.280000000002,25351.520000000004,25253.270000000004,25265.280000000002,6084
2026-07-29T04:00:00+00:00,25265.280000000002,25292.040000000005,25232.270000000004,25289.290000000005,8709
2026-07-29T05:00:00+00:00,25289.290000000005,25376.030000000002,25289.290000000005,25350.030000000002,5951
2026-07-29T06:00:00+00:00,25350.030000000002,25452.540000000005,25346.040000000005,25452.540000000005,9861
2026-07-29T07:00:00+00:00,25452.540000000005,25524.390000000003,25443.380000000005,25445.370000000003,28844
2026-07-29T08:00:00+00:00,25445.370000000003,25447.370000000003,25319.390000000003,25393.380000000005,24979
2026-07-29T09:00:00+00:00,25393.380000000005,25394.390000000003,25299.390000000003,25326.880000000005,21053
2026-07-29T10:00:00+00:00,25326.880000000005,25439.880000000005,25310.360000000004,25406.380000000005,19044
2026-07-29T11:00:00+00:00,25406.380000000005,25512.380000000005,25392.860000000004,25509.370000000006,15760
2026-07-29T12:00:00+00:00,25509.370000000006,25529.870000000006,25398.860000000004,25450.360000000004,23452
2026-07-29T13:00:00+00:00,25450.360000000004,25492.380000000005,25408.370000000006,25453.360000000004,27299
2026-07-29T14:00:00+00:00,25453.360000000004,25493.360000000004,25387.870000000006,25416.380000000005,29189
2026-07-29T15:00:00+00:00,25416.380000000005,25453.860000000004,25374.860000000004,25390.380000000005,22050
2026-07-29T16:00:00+00:00,25390.380000000005,25430.010000000006,25358.020000000004,25429.020000000004,15246
2026-07-29T17:00:00+00:00,25429.020000000004,25465.030000000006,25422.030000000006,25450.270000000004,12855
2026-07-29T18:00:00+00:00,25450.270000000004,25544.030000000006,25428.520000000004,25514.510000000006,29053
2026-07-29T19:00:00+00:00,25514.510000000006,25527.520000000004,25314.270000000004,25334.260000000006,30140
2026-07-30T00:00:00+00:00,25334.260000000006,25424.010000000006,25334.260000000006,25390.770000000004,2076
2026-07-30T01:00:00+00:00,25390.770000000004,25498.500000000007,25390.770000000004,25475.510000000006,7109.570535873427
2026-07-30T02:00:00+00:00,25475.510000000006,25482.510000000006,25389.760000000006,25390.770000000004,4238
2026-07-30T03:00:00+00:00,25390.770000000004,25411.760000000006,25361.750000000007,25379.770000000004,4867
2026-07-30T04:00:00+00:00,25379.770000000004,25381.750000000007,25320.760000000006,25321.770000000004,4990
2026-07-30T05:00:00+00:00,25321.770000000004,25377.520000000004,25300.770000000004,25349.760000000006,6923
2026-07-30T06:00:00+00:00,25349.760000000006,25357.500000000007,25274.010000000006,25303.760000000006,11763
2026-07-30T07:00:00+00:00,25303.760000000006,25374.360000000004,25248.850000000006,25332.370000000006,37191
2026-07-30T08:00:00+00:00,25332.370000000006,25421.860000000004,25309.350000000006,25391.360000000004,23686
2026-07-30T09:00:00+00:00,25391.360000000004,25469.860000000004,25374.340000000004,25376.860000000004,18581
2026-07-30T10:00:00+00:00,25376.860000000004,25455.350000000002,25359.840000000004,25400.250000000004,20662
2026-07-30T11:00:00+00:00,25400.250000000004,25513.360000000004,25393.260000000002,25489.840000000004,15835
2026-07-30T12:00:00+00:00,25489.840000000004,25508.360000000004,25442.840000000004,25465.340000000004,19232
2026-07-30T13:00:00+00:00,25465.340000000004,25591.350000000002,25465.340000000004,25582.340000000004,24088
2026-07-30T14:00:00+00:00,25582.340000000004,25610.840000000004,25542.850000000002,25568.350000000002,23764
2026-07-30T15:00:00+00:00,25568.350000000002,25595.350000000002,25519.860000000004,25579.840000000004,20784
2026-07-30T16:00:00+00:00,25579.840000000004,25611.500000000004,25570.500000000004,25599.000000000004,9118
2026-07-30T17:00:00+00:00,25599.000000000004,25641.500000000004,25598.990000000005,25625.510000000002,7857
2026-07-30T18:00:00+00:00,25625.510000000002,25647.510000000002,25618.510000000002,25646.500000000004,5444
2026-07-30T19:00:00+00:00,25646.500000000004,25671.510000000002,25632.490000000005,25647.760000000002,6476
2026-07-31T00:00:00+00:00,25647.760000000002,25665.100000000002,25626.330000000005,25650.340000000004,929
2026-07-31T01:00:00+00:00,25650.340000000004,25685.100000000002,25617.350000000002,25626.090000000004,2630
2026-07-31T02:00:00+00:00,25626.090000000004,25644.090000000004,25607.340000000004,25644.090000000004,1980
2026-07-31T03:00:00+00:00,25644.090000000004,25665.090000000004,25617.330000000005,25643.080000000005,3047
2026-07-31T04:00:00+00:00,25643.080000000005,25691.100000000002,25628.090000000004,25688.080000000005,1903
2026-07-31T05:00:00+00:00,25688.080000000005,25696.580000000005,25672.330000000005,25691.590000000004,1880
2026-07-31T06:00:00+00:00,25691.590000000004,25718.600000000002,25653.600000000002,25683.080000000005,7420
2026-07-31T07:00:00+00:00,25683.080000000005,25849.940000000002,25654.450000000004,25832.440000000002,29460
2026-07-31T08:00:00+00:00,25832.440000000002,25846.440000000002,25776.940000000002,25803.440000000002,20820
2026-07-31T09:00:00+00:00,25803.440000000002,25815.940000000002,25744.930000000004,25753.430000000004,15280
2026-07-31T10:00:00+00:00,25753.430000000004,25784.930000000004,25729.440000000002,25739.440000000002,11872
2026-07-31T11:00:00+00:00,25739.440000000002,25762.450000000004,25629.450000000004,25672.440000000002,13589
2026-07-31T12:00:00+00:00,25672.440000000002,25676.440000000002,25577.350000000002,25596.440000000002,13776
2026-07-31T13:00:00+00:00,25596.440000000002,25624.440000000002,25521.440000000002,25542.950000000004,20869
2026-07-31T14:00:00+00:00,25542.950000000004,25648.950000000004,25504.940000000002,25646.950000000004,25357
2026-07-31T15:00:00+00:00,25646.950000000004,25666.450000000004,25555.450000000004,25626.450000000004,17335
2026-07-31T16:00:00+00:00,25626.450000000004,25649.100000000002,25600.100000000002,25636.590000000004,11098
2026-07-31T17:00:00+00:00,25636.590000000004,25670.590000000004,25632.090000000004,25638.590000000004,5731
2026-07-31T18:00:00+00:00,25638.590000000004,25665.090000000004,25637.590000000004,25651.080000000005,5255
2026-07-31T19:00:00+00:00,25651.080000000005,25688.600000000002,25641.080000000005,25652.350000000002,6185
2026-08-03T00:00:00+00:00,25652.350000000002,25814.710000000003,25652.350000000002,25799.960000000003,1855.9167196439923
2026-08-03T01:00:00+00:00,25799.960000000003,25819.940000000002,25773.940000000002,25816.960000000003,3904.2625596168555
2026-08-03T02:00:00+00:00,25816.960000000003,25838.440000000002,25805.940000000002,25833.450000000004,1471.3751647288284
2026-08-03T03:00:00+00:00,25833.450000000004,25891.690000000002,25821.440000000002,25864.440000000002,1636.5859489013467
2026-08-03T04:00:00+00:00,25864.440000000002,25897.210000000003,25857.440000000002,25873.440000000002,1602.1867525298987
2026-08-03T05:00:00+00:00,25873.440000000002,25884.710000000003,25857.440000000002,25871.450000000004,2640
2026-08-03T06:00:00+00:00,25871.450000000004,25881.200000000004,25825.710000000003,25852.710000000003,6109
2026-08-03T07:00:00+00:00,25852.710000000003,25969.050000000003,25817.540000000005,25949.540000000005,26886
2026-08-03T08:00:00+00:00,25949.540000000005,25988.560000000005,25923.560000000005,25984.540000000005,18564
2026-08-03T09:00:00+00:00,25984.540000000005,26012.060000000005,25963.540000000005,25980.040000000005,11402
2026-08-03T10:00:00+00:00,25980.040000000005,26006.550000000003,25958.540000000005,25975.040000000005,11169
2026-08-03T11:00:00+00:00,25975.040000000005,26012.560000000005,25966.050000000003,25991.560000000005,10332
2026-08-03T12:00:00+00:00,25991.560000000005,25991.560000000005,25913.540000000005,25980.060000000005,12163
2026-08-03T13:00:00+00:00,25980.060000000005,26032.060000000005,25926.540000000005,26028.040000000005,16282
2026-08-03T14:00:00+00:00,26028.040000000005,26079.050000000003,26012.050000000003,26048.060000000005,13316
2026-08-03T15:00:00+00:00,26048.060000000005,26053.060000000005,25975.040000000005,26004.040000000005,10972
2026-08-03T16:00:00+00:00,26004.040000000005,26021.710000000003,25991.710000000003,25992.710000000003,5268
2026-08-03T17:00:00+00:00,25992.710000000003,26029.210000000003,25986.690000000002,26026.200000000004,3710
2026-08-03T18:00:00+00:00,26026.200000000004,26063.690000000002,26026.200000000004,26045.710000000003,4659
2026-08-03T19:00:00+00:00,26045.710000000003,26059.700000000004,26045.710000000003,26057.940000000002,4827
2026-08-04T00:00:00+00:00,26057.940000000002,26079.880000000005,26050.130000000005,26055.380000000005,1527
2026-08-04T01:00:00+00:00,26055.380000000005,26128.400000000005,26044.130000000005,26117.900000000005,3452
2026-08-04T02:00:00+00:00,26117.900000000005,26117.900000000005,26081.130000000005,26095.150000000005,1761.3253322077476
2026-08-04T03:00:00+00:00,26095.150000000005,26099.880000000005,26063.150000000005,26084.130000000005,2331
2026-08-04T04:00:00+00:00,26084.130000000005,26098.130000000005,26076.140000000003,26089.130000000005,1333.8367902351422
2026-08-04T05:00:00+00:00,26089.130000000005,26115.390000000003,26072.130000000005,26110.130000000005,2033.420516836335
2026-08-04T06:00:00+00:00,26110.130000000005,26138.880000000005,26100.880000000005,26120.390000000003,5158
2026-08-04T07:00:00+00:00,26120.390000000003,26250.730000000003,26098.230000000003,26245.750000000004,19472
2026-08-04T08:00:00+00:00,26245.750000000004,26245.750000000004,26107.730000000003,26125.250000000004,14476
2026-08-04T09:00:00+00:00,26125.250000000004,26145.750000000004,26089.730000000003,26111.740000000005,10385
2026-08-04T10:00:00+00:00,26111.740000000005,26158.250000000004,26060.730000000003,26124.750000000004,12874
2026-08-04T11:00:00+00:00,26124.750000000004,26207.240000000005,26110.730000000003,26204.240000000005,14734
2026-08-04T12:00:00+00:00,26204.240000000005,26217.250000000004,26121.240000000005,26122.750000000004,12102
2026-08-04T13:00:00+00:00,26122.750000000004,26223.250000000004,26117.230000000003,26175.130000000005,16158
2026-08-04T14:00:00+00:00,26175.130000000005,26238.230000000003,26154.740000000005,26187.740000000005,14308
2026-08-04T15:00:00+00:00,26187.740000000005,26240.230000000003,26173.240000000005,26213.230000000003,10747
2026-08-04T16:00:00+00:00,26213.230000000003,26238.390000000003,26207.380000000005,26235.880000000005,4873
2026-08-04T17:00:00+00:00,26235.880000000005,26284.400000000005,26234.390000000003,26271.380000000005,4421
2026-08-04T18:00:00+00:00,26271.380000000005,26295.400000000005,26262.880000000005,26277.890000000003,5159
2026-08-04T19:00:00+00:00,26277.890000000003,26333.400000000005,26277.880000000005,26325.150000000005,5045
2026-08-05T00:00:00+00:00,26325.150000000005,26352.020000000004,26317.270000000004,26349.030000000002,1067.8499066293184
2026-08-05T01:00:00+00:00,26349.030000000002,26370.030000000002,26321.280000000002,26365.270000000004,1895.5280109470489
2026-08-05T02:00:00+00:00,26365.270000000004,26401.530000000002,26365.260000000002,26388.010000000002,1555
2026-08-05T03:00:00+00:00,26388.010000000002,26413.010000000002,26381.270000000004,26398.260000000002,1528.0331049528338
2026-08-05T04:00:00+00:00,26398.260000000002,26406.020000000004,26372.270000000004,26380.020000000004,1329.9618092142873
2026-08-05T05:00:00+00:00,26380.020000000004,26395.030000000002,26327.010000000002,26390.520000000004,1844
2026-08-05T06:00:00+00:00,26390.520000000004,26413.030000000002,26363.520000000004,26410.530000000002,4586
2026-08-05T07:00:00+00:00,26410.530000000002,26420.880000000005,26275.360000000004,26279.860000000004,21089
2026-08-05T08:00:00+00:00,26279.860000000004,26280.370000000003,26205.370000000003,26223.380000000005,13496
2026-08-05T09:00:00+00:00,26223.380000000005,26231.870000000003,26176.870000000003,26197.860000000004,9654
2026-08-05T10:00:00+00:00,26197.860000000004,26200.860000000004,26156.370000000003,26163.870000000003,8123
2026-08-05T11:00:00+00:00,26163.870000000003,26244.370000000003,26157.870000000003,26238.360000000004,7727
2026-08-05T12:00:00+00:00,26238.360000000004,26254.360000000004,26206.880000000005,26223.870000000003,9068
2026-08-05T13:00:00+00:00,26223.870000000003,26262.380000000005,26211.360000000004,26244.270000000004,14055
2026-08-05T14:00:00+00:00,26244.270000000004,26245.870000000003,26151.880000000005,26165.860000000004,14091
2026-08-05T15:00:00+00:00,26165.860000000004,26189.380000000005,26107.380000000005,26113.380000000005,13172
2026-08-05T16:00:00+00:00,26113.380000000005,26163.010000000002,26111.010000000002,26157.030000000002,8609
2026-08-05T17:00:00+00:00,26157.030000000002,26179.030000000002,26147.510000000002,26174.010000000002,6338
2026-08-05T18:00:00+00:00,26174.010000000002,26180.030000000002,26166.020000000004,26167.020000000004,3950
2026-08-05T19:00:00+00:00,26167.020000000004,26182.530000000002,26162.010000000002,26169.770000000004,4630
2026-08-06T00:00:00+00:00,26169.770000000004,26187.240000000005,26166.980000000003,26180.230000000003,437.38932691935406
2026-08-06T01:00:00+00:00,26180.230000000003,26191.240000000005,26139.230000000003,26152.980000000003,2208
2026-08-06T02:00:00+00:00,26152.980000000003,26202.990000000005,26144.980000000003,26199.990000000005,3765
2026-08-06T03:00:00+00:00,26199.990000000005,26223.730000000003,26192.990000000005,26223.730000000003,2759
2026-08-06T04:00:00+00:00,26223.730000000003,26227.730000000003,26191.990000000005,26202.990000000005,2538.8458668197472
2026-08-06T05:00:00+00:00,26202.990000000005,26227.740000000005,26139.980000000003,26157.230000000003,3216.032690591822
2026-08-06T06:00:00+00:00,26157.230000000003,26194.220000000005,26133.720000000005,26177.730000000003,5098
2026-08-06T07:00:00+00:00,26177.730000000003,26191.090000000004,26078.590000000004,26101.570000000003,21908
2026-08-06T08:00:00+00:00,26101.570000000003,26173.090000000004,26066.570000000003,26168.070000000003,13743
2026-08-06T09:00:00+00:00,26168.070000000003,26188.590000000004,26139.070000000003,26185.590000000004,10753
2026-08-06T10:00:00+00:00,26185.590000000004,26195.590000000004,26162.070000000003,26185.080000000005,7975
2026-08-06T11:00:00+00:00,26185.080000000005,26198.590000000004,26137.070000000003,26163.090000000004,9641
2026-08-06T12:00:00+00:00,26163.090000000004,26194.090000000004,26115.580000000005,26134.070000000003,10800
2026-08-06T13:00:00+00:00,26134.070000000003,26171.070000000003,26086.570000000003,26160.070000000003,15611
2026-08-06T14:00:00+00:00,26160.070000000003,26211.580000000005,26153.570000000003,26177.580000000005,12066
2026-08-06T15:00:00+00:00,26177.580000000005,26202.590000000004,26121.570000000003,26151.080000000005,13475
2026-08-06T16:00:00+00:00,26151.080000000005,26167.240000000005,26123.740000000005,26166.720000000005,9625
2026-08-06T17:00:00+00:00,26166.720000000005,26172.730000000003,26148.220000000005,26161.220000000005,5736
2026-08-06T18:00:00+00:00,26161.220000000005,26173.730000000003,26147.720000000005,26157.240000000005,4803
2026-08-06T19:00:00+00:00,26157.240000000005,26165.230000000003,26124.220000000005,26152.970000000005,5464
2026-08-07T00:00:00+00:00,26152.970000000005,26152.970000000005,26110.660000000003,26133.910000000003,1456
2026-08-07T01:00:00+00:00,26133.910000000003,26152.680000000004,26116.660000000003,26131.680000000004,5238
2026-08-07T02:00:00+00:00,26131.680000000004,26149.430000000004,26120.660000000003,26137.660000000003,2979.5469374101394
2026-08-07T03:00:00+00:00,26137.660000000003,26148.420000000006,26128.660000000003,26144.430000000004,1491.9570928196147
2026-08-07T04:00:00+00:00,26144.430000000004,26155.930000000004,26130.660000000003,26144.660000000003,2647
2026-08-07T05:00:00+00:00,26144.660000000003,26175.420000000006,26135.660000000003,26144.430000000004,3412
2026-08-07T06:00:00+00:00,26144.430000000004,26186.430000000004,26143.910000000003,26167.930000000004,3951
2026-08-07T07:00:00+00:00,26167.930000000004,26275.270000000004,26167.930000000004,26243.770000000004,18254
2026-08-07T08:00:00+00:00,26243.770000000004,26301.780000000002,26224.780000000002,26297.770000000004,12155
2026-08-07T09:00:00+00:00,26297.770000000004,26314.270000000004,26271.760000000002,26309.760000000002,9777
2026-08-07T10:00:00+00:00,26309.760000000002,26349.760000000002,26306.260000000002,26346.780000000002,6788
2026-08-07T11:00:00+00:00,26346.780000000002,26365.260000000002,26317.280000000002,26330.270000000004,5953
2026-08-07T12:00:00+00:00,26330.270000000004,26423.770000000004,26329.770000000004,26401.260000000002,10455
2026-08-07T13:00:00+00:00,26401.260000000002,26406.780000000002,26314.280000000002,26320.280000000002,15169
2026-08-07T14:00:00+00:00,26320.280000000002,26390.280000000002,26281.770000000004,26359.270000000004,14945
2026-08-07T15:00:00+00:00,26359.270000000004,26362.770000000004,26293.260000000002,26297.780000000002,9467
2026-08-07T16:00:00+00:00,26297.780000000002,26305.920000000006,26267.410000000003,26282.410000000003,6992
2026-08-07T17:00:00+00:00,26282.410000000003,26294.930000000004,26273.410000000003,26290.410000000003,4821
2026-08-07T18:00:00+00:00,26290.410000000003,26291.930000000004,26260.410000000003,26280.410000000003,3577
2026-08-07T19:00:00+00:00,26280.410000000003,26349.430000000004,26279.410000000003,26346.660000000003,5715
2026-08-10T00:00:00+00:00,26346.660000000003,26346.660000000003,26261.610000000004,26264.630000000005,752.784254954053
2026-08-10T01:00:00+00:00,26264.630000000005,26323.380000000005,26263.610000000004,26314.110000000004,3081.6477473959276
2026-08-10T02:00:00+00:00,26314.110000000004,26319.870000000003,26297.110000000004,26304.380000000005,1109.7835029619387
2026-08-10T03:00:00+00:00,26304.380000000005,26326.870000000003,26302.130000000005,26325.360000000004,1611.923245614035
2026-08-10T04:00:00+00:00,26325.360000000004,26341.870000000003,26316.110000000004,26330.120000000003,1793
2026-08-10T05:00:00+00:00,26330.120000000003,26351.870000000003,26329.110000000004,26338.870000000003,1389.386007476696
2026-08-10T06:00:00+00:00,26338.870000000003,26348.380000000005,26304.370000000003,26328.880000000005,3308
2026-08-10T07:00:00+00:00,26328.880000000005,26361.720000000005,26297.710000000003,26353.730000000003,14744
2026-08-10T08:00:00+00:00,26353.730000000003,26375.730000000003,26309.710000000003,26374.720000000005,9072
2026-08-10T09:00:00+00:00,26374.720000000005,26398.730000000003,26358.730000000003,26381.720000000005,5459
2026-08-10T10:00:00+00:00,26381.720000000005,26423.730000000003,26368.730000000003,26395.220000000005,5210
2026-08-10T11:00:00+00:00,26395.220000000005,26399.730000000003,26368.230000000003,26384.220000000005,5466
2026-08-10T12:00:00+00:00,26384.220000000005,26387.230000000003,26337.710000000003,26358.720000000005,6639
2026-08-10T13:00:00+00:00,26358.720000000005,26368.220000000005,26283.210000000003,26292.710000000003,11612
2026-08-10T14:00:00+00:00,26292.710000000003,26354.710000000003,26285.710000000003,26331.730000000003,8613
2026-08-10T15:00:00+00:00,26331.730000000003,26351.210000000003,26301.730000000003,26317.220000000005,8374
2026-08-10T16:00:00+00:00,26317.220000000005,26326.380000000005,26280.110000000004,26307.880000000005,4631
2026-08-10T17:00:00+00:00,26307.880000000005,26313.880000000005,26283.360000000004,26297.380000000005,2662
2026-08-10T18:00:00+00:00,26297.380000000005,26304.380000000005,26287.860000000004,26301.370000000003,1880
2026-08-10T19:00:00+00:00,26301.370000000003,26326.120000000003,26297.860000000004,26325.620000000003,2050
2026-08-11T00:00:00+00:00,26325.620000000003,26325.620000000003,26311.010000000002,26320.020000000004,617.1746987951807
2026-08-11T01:00:00+00:00,26320.020000000004,26355.780000000002,26308.030000000002,26335.270000000004,3762
2026-08-11T02:00:00+00:00,26335.270000000004,26352.270000000004,26332.010000000002,26337.010000000002,1721.7198969735996
2026-08-11T03:00:00+00:00,26337.010000000002,26352.780000000002,26334.780000000002,26336.270000000004,1442.1289817232375
2026-08-11T04:00:00+00:00,26336.270000000004,26361.260000000002,26335.760000000002,26351.780000000002,1039.7210374887954
2026-08-11T05:00:00+00:00,26351.780000000002,26355.780000000002,26327.260000000002,26335.280000000002,2573
2026-08-11T06:00:00+00:00,26335.280000000002,26358.770000000004,26305.260000000002,26342.260000000002,4151
2026-08-11T07:00:00+00:00,26342.260000000002,26369.120000000003,26240.110000000004,26260.620000000003,13831
2026-08-11T08:00:00+00:00,26260.620000000003,26282.110000000004,26244.610000000004,26245.130000000005,10843
2026-08-11T09:00:00+00:00,26245.130000000005,26275.630000000005,26229.120000000003,26271.620000000003,7653
2026-08-11T10:00:00+00:00,26271.620000000003,26305.630000000005,26258.110000000004,26291.630000000005,7123
2026-08-11T11:00:00+00:00,26291.630000000005,26363.120000000003,26286.110000000004,26355.120000000003,12617
2026-08-11T12:00:00+00:00,26355.120000000003,26393.630000000005,26345.630000000005,26389.620000000003,7562
2026-08-11T13:00:00+00:00,26389.620000000003,26451.630000000005,26380.610000000004,26429.630000000005,10909
2026-08-11T14:00:00+00:00,26429.630000000005,26491.120000000003,26411.130000000005,26450.630000000005,9630
2026-08-11T15:00:00+00:00,26450.630000000005,26454.620000000003,26371.110000000004,26380.620000000003,8991
2026-08-11T16:00:00+00:00,26380.620000000003,26406.780000000002,26373.770000000004,26376.270000000004,3488
2026-08-11T17:00:00+00:00,26376.270000000004,26382.260000000002,26347.760000000002,26354.270000000004,3046
2026-08-11T18:00:00+00:00,26354.270000000004,26354.270000000004,26323.780000000002,26350.770000000004,3116
2026-08-11T19:00:00+00:00,26350.770000000004,26371.010000000002,26339.260000000002,26369.520000000004,2867
2026-08-12T00:00:00+00:00,26369.520000000004,26369.520000000004,26352.460000000003,26361.230000000003,809.2937176165804
2026-08-12T01:00:00+00:00,26361.230000000003,26366.220000000005,26348.460000000003,26355.460000000003,1840
2026-08-12T02:00:00+00:00,26355.460000000003,26366.720000000005,26351.460000000003,26366.230000000003,1003.3520604712224
2026-08-12T03:00:00+00:00,26366.230000000003,26369.220000000005,26350.470000000005,26357.710000000003,1227
2026-08-12T04:00:00+00:00,26357.710000000003,26379.230000000003,26356.480000000003,26379.230000000003,1006.3250950570342
2026-08-12T05:00:00+00:00,26379.230000000003,26383.730000000003,26362.210000000003,26380.710000000003,1500
2026-08-12T06:00:00+00:00,26380.710000000003,26414.220000000005,26377.220000000005,26408.230000000003,2826
2026-08-12T07:00:00+00:00,26408.230000000003,26450.580000000005,26386.080000000005,26401.570000000003,13282
2026-08-12T08:00:00+00:00,26401.570000000003,26464.570000000003,26393.070000000003,26455.580000000005,8510
2026-08-12T09:00:00+00:00,26455.580000000005,26513.570000000003,26450.580000000005,26478.580000000005,9691
2026-08-12T10:00:00+00:00,26478.580000000005,26522.570000000003,26467.480000000003,26513.560000000005,6894
2026-08-12T11:00:00+00:00,26513.560000000005,26528.560000000005,26470.560000000005,26472.070000000003,5072
2026-08-12T12:00:00+00:00,26472.070000000003,26565.570000000003,26457.060000000005,26457.570000000003,13513
2026-08-12T13:00:00+00:00,26457.570000000003,26476.560000000005,26417.060000000005,26417.070000000003,14553
2026-08-12T14:00:00+00:00,26417.070000000003,26424.580000000005,26322.460000000003,26355.070000000003,13839.671183038514
2026-08-12T15:00:00+00:00,26355.070000000003,26357.090000000004,26300.090000000004,26325.090000000004,9321
2026-08-12T16:00:00+00:00,26325.090000000004,26332.72,26308.74,26323.24,2797
2026-08-12T17:00:00+00:00,26323.24,26330.24,26314.730000000003,26325.230000000003,2031
2026-08-12T18:00:00+00:00,26325.230000000003,26342.730000000003,26323.22,26335.730000000003,1489
2026-08-12T19:00:00+00:00,26335.730000000003,26363.980000000003,26335.72,26363.480000000003,2507
2026-08-13T00:00:00+00:00,26363.480000000003,26370.480000000003,26349.960000000003,26363.710000000003,628.5401709401709
2026-08-13T01:00:00+00:00,26363.710000000003,26373.710000000003,26345.710000000003,26369.710000000003,2638
2026-08-13T02:00:00+00:00,26369.710000000003,26393.460000000003,26365.710000000003,26390.480000000003,1564.6470727049718
2026-08-13T03:00:00+00:00,26390.480000000003,26408.57,26384.710000000003,26405.58,838.477728138387
2026-08-13T04:00:00+00:00,26405.58,26409.08,26390.07,26399.07,1068
2026-08-13T05:00:00+00:00,26399.07,26419.57,26391.57,26393.06,1136
2026-08-13T06:00:00+00:00,26393.06,26432.57,26382.57,26429.06,3521
2026-08-13T07:00:00+00:00,26429.06,26484.420000000002,26387.91,26411.920000000002,14076
2026-08-13T08:00:00+00:00,26411.920000000002,26444.93,26400.920000000002,26434.43,8408
2026-08-13T09:00:00+00:00,26434.43,26462.43,26425.41,26454.43,6169
2026-08-13T10:00:00+00:00,26454.43,26472.41,26443.93,26456.420000000002,5174
2026-08-13T11:00:00+00:00,26456.420000000002,26462.920000000002,26410.43,26419.93,5220
2026-08-13T12:00:00+00:00,26419.93,26437.420000000002,26378.93,26387.43,7193
2026-08-13T13:00:00+00:00,26387.43,26397.420000000002,26338.41,26349.420000000002,11150
2026-08-13T14:00:00+00:00,26349.420000000002,26370.93,26330.91,26351.93,9069
2026-08-13T15:00:00+00:00,26351.93,26356.93,26265.91,26301.93,8162
2026-08-13T16:00:00+00:00,26301.93,26328.58,26301.93,26327.56,2966
2026-08-13T17:00:00+00:00,26327.56,26339.56,26316.57,26323.08,2102
2026-08-13T18:00:00+00:00,26323.08,26374.58,26323.08,26363.57,2274
2026-08-13T19:00:00+00:00,26363.57,26396.57,26358.57,26394.32,2876
2026-08-14T00:00:00+00:00,26394.32,26394.32,26375.280000000002,26383.3,320.5651368837226
2026-08-14T01:00:00+00:00,26383.3,26405.030000000002,26371.030000000002,26402.030000000002,2967
2026-08-14T02:00:00+00:00,26402.030000000002,26415.030000000002,26399.54,26404.030000000002,1471.4410545404683
2026-08-14T03:00:00+00:00,26404.030000000002,26420.55,26397.280000000002,26397.3,1346.2805534204458
2026-08-14T04:00:00+00:00,26397.3,26408.04,26394.3,26395.3,991.1925631972134
2026-08-14T05:00:00+00:00,26395.3,26400.05,26380.54,26380.54,1559.812395593815
2026-08-14T06:00:00+00:00,26380.54,26436.04,26376.530000000002,26431.54,2662
2026-08-14T07:00:00+00:00,26431.54,26479.88,26412.39,26465.9,15782
2026-08-14T08:00:00+00:00,26465.9,26472.9,26386.88,26424.89,10846
2026-08-14T09:00:00+00:00,26424.89,26474.9,26404.88,26466.38,7917
2026-08-14T10:00:00+00:00,26466.38,26486.4,26449.88,26477.88,5838
2026-08-14T11:00:00+00:00,26477.88,26521.9,26452.88,26519.88,5605
2026-08-14T12:00:00+00:00,26519.88,26522.89,26486.39,26495.4,6955
2026-08-14T13:00:00+00:00,26495.4,26507.89,26424.38,26450.38,10490
2026-08-14T14:00:00+00:00,26450.38,26451.4,26395.88,26435.9,9851
2026-08-14T15:00:00+00:00,26435.9,26442.9,26396.89,26433.39,7025
2026-08-14T16:00:00+00:00,26433.39,26446.05,26424.530000000002,26426.030000000002,2041
2026-08-14T17:00:00+00:00,26426.030000000002,26442.55,26422.530000000002,26433.05,2312
2026-08-14T18:00:00+00:00,26433.05,26448.55,26429.55,26440.55,1665
2026-08-14T19:00:00+00:00,26440.55,26452.04,26425.55,26441.780000000002,2162
2026-08-17T00:00:00+00:00,26441.780000000002,26471.02,26441.780000000002,26470.54,567.9167633410673
2026-08-17T01:00:00+00:00,26470.54,26497.04,26464.54,26471.04,1637.883029861617
2026-08-17T02:00:00+00:00,26471.04,26471.04,26452.77,26465.02,862.7652809575558
2026-08-17T03:00:00+00:00,26465.02,26491.04,26464.52,26491.04,790.9451377271901
2026-08-17T04:00:00+00:00,26491.04,26500.030000000002,26464.79,26466.780000000002,1046.7470127747474
2026-08-17T05:00:00+00:00,26466.780000000002,26492.030000000002,26463.77,26491.52,1133.9053833605221
2026-08-17T06:00:00+00:00,26491.52,26503.02,26451.02,26464.54,2815
2026-08-17T07:00:00+00:00,26464.54,26484.89,26406.37,26455.87,13299
2026-08-17T08:00:00+00:00,26455.87,26457.89,26375.88,26421.88,7594
2026-08-17T09:00:00+00:00,26421.88,26432.87,26387.38,26405.89,5410
2026-08-17T10:00:00+00:00,26405.89,26483.87,26392.89,26431.39,8468
2026-08-17T11:00:00+00:00,26431.39,26447.38,26415.87,26438.39,5042
2026-08-17T12:00:00+00:00,26438.39,26440.89,26368.88,26381.37,8073
2026-08-17T13:00:00+00:00,26381.37,26404.38,26343.87,26402.88,11948
2026-08-17T14:00:00+00:00,26402.88,26405.39,26364.38,26369.38,8323
2026-08-17T15:00:00+00:00,26369.38,26384.38,26311.89,26326.39,7547
2026-08-17T16:00:00+00:00,26326.39,26345.02,26321.02,26328.030000000002,1980
2026-08-17T17:00:00+00:00,26328.030000000002,26330.54,26289.52,26291.04,4337
2026-08-17T18:00:00+00:00,26291.04,26301.530000000002,26279.02,26283.030000000002,3304
2026-08-17T19:00:00+00:00,26283.030000000002,26306.04,26274.54,26300.780000000002,3169
2026-08-18T00:00:00+00:00,26300.780000000002,26300.780000000002,26277.190000000002,26283.2,931
2026-08-18T01:00:00+00:00,26283.2,26292.96,26245.440000000002,26269.45,3382
2026-08-18T02:00:00+00:00,26269.45,26271.96,26223.21,26240.440000000002,3610
2026-08-18T03:00:00+00:00,26240.440000000002,26242.96,26209.190000000002,26227.2,2620.1537596353937
2026-08-18T04:00:00+00:00,26227.2,26231.440000000002,26211.190000000002,26230.95,1849.274594486853
2026-08-18T05:00:00+00:00,26230.95,26255.45,26206.190000000002,26238.940000000002,2255.655679301487
2026-08-18T06:00:00+00:00,26238.940000000002,26277.45,26210.96,26275.46,5638
2026-08-18T07:00:00+00:00,26275.46,26294.3,26154.29,26162.79,17720
2026-08-18T08:00:00+00:00,26162.79,26227.81,26135.29,26226.8,14154
2026-08-18T09:00:00+00:00,26226.8,26245.81,26186.31,26234.79,9490
2026-08-18T10:00:00+00:00,26234.79,26255.8,26226.79,26245.81,7232
2026-08-18T11:00:00+00:00,26245.81,26259.81,26222.81,26242.8,5747
2026-08-18T12:00:00+00:00,26242.8,26258.81,26224.3,26241.8,6245
2026-08-18T13:00:00+00:00,26241.8,26242.81,26165.79,26186.3,11894
2026-08-18T14:00:00+00:00,26186.3,26204.81,26104.79,26114.8,12210
2026-08-18T15:00:00+00:00,26114.8,26160.31,26104.8,26150.81,9788
2026-08-18T16:00:00+00:00,26150.81,26178.95,26141.440000000002,26170.46,3977
2026-08-18T17:00:00+00:00,26170.46,26174.46,26149.440000000002,26149.440000000002,2554
2026-08-18T18:00:00+00:00,26149.440000000002,26168.95,26144.46,26151.46,2343
2026-08-18T19:00:00+00:00,26151.46,26165.95,26129.940000000002,26139.2,2583
2026-08-19T00:00:00+00:00,26139.2,26139.2,26105.96,26106.940000000002,2351
2026-08-19T01:00:00+00:00,26106.940000000002,26125.96,26091.190000000002,26099.2,6469
2026-08-19T02:00:00+00:00,26099.2,26112.96,26092.190000000002,26099.190000000002,4348
2026-08-19T03:00:00+00:00,26099.190000000002,26108.940000000002,26089.190000000002,26095.46,3322
2026-08-19T04:00:00+00:00,26095.46,26109.96,26086.2,26109.45,2309
2026-08-19T05:00:00+00:00,26109.45,26122.940000000002,26094.21,26099.95,5237
2026-08-19T06:00:00+00:00,26099.95,26186.45,26073.95,26174.45,6060
2026-08-19T07:00:00+00:00,26174.45,26180.8,26085.79,26117.8,17812
2026-08-19T08:00:00+00:00,26117.8,26133.79,26076.8,26088.8,11051
2026-08-19T09:00:00+00:00,26088.8,26102.79,26056.8,26100.79,8413
2026-08-19T10:00:00+00:00,26100.79,26113.81,26074.3,26088.8,6602
2026-08-19T11:00:00+00:00,26088.8,26113.31,26071.79,26074.81,6458
2026-08-19T12:00:00+00:00,26074.81,26173.81,26056.29,26095.3,13672
2026-08-19T13:00:00+00:00,26095.3,26107.3,26050.29,26068.79,16189
2026-08-19T14:00:00+00:00,26068.79,26124.81,26054.8,26123.79,13237
2026-08-19T15:00:00+00:00,26123.79,26125.81,26068.3,26094.8,8607
2026-08-19T16:00:00+00:00,26094.8,26115.46,26068.440000000002,26070.96,4226
2026-08-19T17:00:00+00:00,26070.96,26079.46,26051.440000000002,26062.440000000002,4382
2026-08-19T18:00:00+00:00,26062.440000000002,26075.96,26040.440000000002,26055.440000000002,4143
2026-08-19T19:00:00+00:00,26055.440000000002,26077.96,26054.440000000002,26068.7,4401
2026-08-20T00:00:00+00:00,26068.7,26084.61,26068.7,26078.61,2247
2026-08-20T01:00:00+00:00,26078.61,26078.61,26047.11,26050.600000000002,4808
2026-08-20T02:00:00+00:00,26050.600000000002,26067.12,26038.12,26050.100000000002,3780
2026-08-20T03:00:00+00:00,26050.100000000002,26064.62,26046.600000000002,26056.100000000002,3134
2026-08-20T04:00:00+00:00,26056.100000000002,26073.12,26052.100000000002,26067.11,2905.7737833211054
2026-08-20T05:00:00+00:00,26067.11,26087.61,26060.600000000002,26066.100000000002,2998
2026-08-20T06:00:00+00:00,26066.100000000002,26119.12,26066.100000000002,26091.100000000002,4513
2026-08-20T07:00:00+00:00,26091.100000000002,26091.96,25950.45,25952.95,14920
2026-08-20T08:00:00+00:00,25952.95,25969.46,25905.96,25918.45,11570
2026-08-20T09:00:00+00:00,25918.45,25974.46,25915.47,25961.45,8110
2026-08-20T10:00:00+00:00,25961.45,25975.47,25931.45,25974.47,7649
2026-08-20T11:00:00+00:00,25974.47,25990.45,25934.97,25935.47,7915
2026-08-20T12:00:00+00:00,25935.47,25947.47,25886.87,25947.47,11209
2026-08-20T13:00:00+00:00,25947.47,25972.97,25924.46,25952.46,12544
2026-08-20T14:00:00+00:00,25952.46,25995.47,25921.46,25994.47,11635
2026-08-20T15:00:00+00:00,25994.47,26017.45,25951.45,25976.45,9104
2026-08-20T16:00:00+00:00,25976.45,25999.600000000002,25963.100000000002,25996.12,3922
2026-08-20T17:00:00+00:00,25996.12,25996.12,25956.100000000002,25964.11,3220
2026-08-20T18:00:00+00:00,25964.11,25964.12,25932.100000000002,25944.11,3666
2026-08-20T19:00:00+00:00,25944.11,25969.12,25941.61,25945.86,4483
2026-08-21T00:00:00+00:00,25945.86,25978.71,25945.86,25960.2,1014
2026-08-21T01:00:00+00:00,25960.2,25990.72,25954.46,25976.46,3121
2026-08-21T02:00:00+00:00,25976.46,25993.22,25972.47,25984.45,1473.686014201914
2026-08-21T03:00:00+00:00,25984.45,25989.71,25973.45,25979.71,1498.0937335706521
2026-08-21T04:00:00+00:00,25979.71,25994.21,25972.45,25990.47,1175.541324020251
2026-08-21T05:00:00+00:00,25990.47,25997.7,25975.21,25985.21,1550.406913580247
2026-08-21T06:00:00+00:00,25985.21,26030.72,25980.72,26022.21,3077
2026-08-21T07:00:00+00:00,26022.21,26049.57,25949.55,26029.06,11744
2026-08-21T08:00:00+00:00,26029.06,26065.55,26005.05,26061.06,8332
2026-08-21T09:00:00+00:00,26061.06,26071.06,26014.56,26021.56,8168
2026-08-21T10:00:00+00:00,26021.56,26041.55,25988.56,25998.55,5155
2026-08-21T11:00:00+00:00,25998.55,26061.57,25989.56,26032.07,8111
2026-08-21T12:00:00+00:00,26032.07,26082.05,26028.05,26071.05,4393
2026-08-21T13:00:00+00:00,26071.05,26138.57,26067.05,26130.07,8026
2026-08-21T14:00:00+00:00,26130.07,26146.05,26098.05,26136.07,7397
2026-08-21T15:00:00+00:00,26136.07,26139.07,26091.05,26112.07,5139
2026-08-21T16:00:00+00:00,26112.07,26112.7,26082.7,26096.7,3685
2026-08-21T17:00:00+00:00,26096.7,26097.72,26077.2,26081.22,2955
2026-08-21T18:00:00+00:00,26081.22,26086.71,26071.7,26086.22,1848
2026-08-21T19:00:00+00:00,26086.22,26110.72,26078.71,26098.97,2707
2026-08-24T00:00:00+00:00,26098.97,26103.190000000002,26070.690000000002,26103.170000000002,2479
2026-08-24T01:00:00+00:00,26103.170000000002,26122.690000000002,26088.670000000002,26089.670000000002,5831
2026-08-24T02:00:00+00:00,26089.670000000002,26117.18,26079.690000000002,26111.170000000002,3518
2026-08-24T03:00:00+00:00,26111.170000000002,26111.170000000002,26075.920000000002,26079.190000000002,3805
2026-08-24T04:00:00+00:00,26079.190000000002,26100.690000000002,26079.190000000002,26084.93,3490
2026-08-24T05:00:00+00:00,26084.93,26095.190000000002,26055.18,26065.68,3657
2026-08-24T06:00:00+00:00,26065.68,26091.190000000002,26059.170000000002,26063.190000000002,4723
2026-08-24T07:00:00+00:00,26063.190000000002,26083.54,26017.530000000002,26028.04,13369
2026-08-24T08:00:00+00:00,26028.04,26138.530000000002,26019.530000000002,26104.54,9579
2026-08-24T09:00:00+00:00,26104.54,26139.530000000002,26094.030000000002,26131.54,5672
2026-08-24T10:00:00+00:00,26131.54,26156.530000000002,26107.52,26112.54,4691
2026-08-24T11:00:00+00:00,26112.54,26150.52,26087.52,26115.030000000002,10470
2026-08-24T12:00:00+00:00,26115.030000000002,26123.52,26063.920000000002,26093.54,7853
2026-08-24T13:00:00+00:00,26093.54,26096.030000000002,26023.52,26068.54,10898
2026-08-24T14:00:00+00:00,26068.54,26092.54,26030.02,26088.52,9983
2026-08-24T15:00:00+00:00,26088.52,26110.54,26061.52,26104.530000000002,8057
2026-08-24T16:00:00+00:00,26104.530000000002,26126.170000000002,26087.670000000002,26092.690000000002,4087
2026-08-24T17:00:00+00:00,26092.690000000002,26118.190000000002,26084.170000000002,26091.68,6113
2026-08-24T18:00:00+00:00,26091.68,26115.690000000002,26091.670000000002,26099.18,3360
2026-08-24T19:00:00+00:00,26099.18,26101.190000000002,26080.690000000002,26098.440000000002,3716
2026-08-25T00:00:00+00:00,26098.440000000002,26118.24,26098.440000000002,26108.74,2323
2026-08-25T01:00:00+00:00,26108.74,26139.75,26105.23,26125.75,4945
2026-08-25T02:00:00+00:00,26125.75,26131.23,26102.23,26106.24,3228
2026-08-25T03:00:00+00:00,26106.24,26138.75,26105.73,26134.25,2883
2026-08-25T04:00:00+00:00,26134.25,26144.75,26129.48,26141.23,2561
2026-08-25T05:00:00+00:00,26141.23,26168.23,26139.48,26163.23,2876
2026-08-25T06:00:00+00:00,26163.23,26212.25,26161.73,26199.74,3869
2026-08-25T07:00:00+00:00,26199.74,26229.09,26146.08,26173.08,14431
2026-08-25T08:00:00+00:00,26173.08,26257.09,26145.58,26231.09,13594
2026-08-25T09:00:00+00:00,26231.09,26326.08,26213.09,26293.09,11197
2026-08-25T10:00:00+00:00,26293.09,26329.100000000002,26286.09,26314.100000000002,6307
2026-08-25T11:00:00+00:00,26314.100000000002,26314.100000000002,26258.58,26299.08,6472
2026-08-25T12:00:00+00:00,26299.08,26314.600000000002,26260.09,26269.09,8442
2026-08-25T13:00:00+00:00,26269.09,26279.08,26238.08,26250.59,12054
2026-08-25T14:00:00+00:00,26250.59,26314.58,26238.100000000002,26285.09,9596
2026-08-25T15:00:00+00:00,26285.09,26293.100000000002,26245.08,26257.09,7353
2026-08-25T16:00:00+00:00,26257.09,26257.75,26238.73,26249.74,2760
2026-08-25T17:00:00+00:00,26249.74,26249.74,26222.74,26230.73,2459
2026-08-25T18:00:00+00:00,26230.73,26239.74,26220.74,26235.74,1733
2026-08-25T19:00:00+00:00,26235.74,26267.72,26226.22,26262.480000000003,2792
2026-08-26T00:00:00+00:00,26262.480000000003,26262.480000000003,26216.9,26222.660000000003,1590
2026-08-26T01:00:00+00:00,26222.660000000003,26242.15,26211.660000000003,26230.15,4504
2026-08-26T02:00:00+00:00,26230.15,26305.22,26224.890000000003,26300.21,2988
2026-08-26T03:00:00+00:00,26300.21,26304.7,26287.47,26298.71,1816
2026-08-26T04:00:00+00:00,26298.71,26303.22,26272.45,26278.22,1977
2026-08-26T05:00:00+00:00,26278.22,26292.21,26262.22,26267.71,2863
2026-08-26T06:00:00+00:00,26267.71,26297.72,26245.21,26279.21,4864
2026-08-26T07:00:00+00:00,26279.21,26289.57,26203.57,26274.56,16320
2026-08-26T08:00:00+00:00,26274.56,26292.06,26236.55,26270.06,9690
2026-08-26T09:00:00+00:00,26270.06,26335.55,26268.06,26333.06,7361
2026-08-26T10:00:00+00:00,26333.06,26338.06,26303.57,26308.07,5160
2026-08-26T11:00:00+00:00,26308.07,26353.06,26302.05,26353.05,5581
2026-08-26T12:00:00+00:00,26353.05,26404.07,26350.57,26378.57,9252
2026-08-26T13:00:00+00:00,26378.57,26474.05,26360.05,26436.57,12161
2026-08-26T14:00:00+00:00,26436.57,26445.06,26365.05,26365.05,8423
2026-08-26T15:00:00+00:00,26365.05,26376.06,26283.55,26285.05,7769
2026-08-26T16:00:00+00:00,26285.05,26285.21,26238.22,26260.72,4216
2026-08-26T17:00:00+00:00,26260.72,26277.72,26256.72,26265.74,2320
2026-08-26T18:00:00+00:00,26265.74,26279.73,26256.74,26276.23,2084
2026-08-26T19:00:00+00:00,26276.23,26300.24,26276.23,26290.49,3637
2026-08-27T00:00:00+00:00,26290.49,26342.84,26290.49,26325.850000000002,2339
2026-08-27T01:00:00+00:00,26325.850000000002,26359.34,26321.84,26347.34,4918
2026-08-27T02:00:00+00:00,26347.34,26355.329999999998,26333.82,26349.34,2942
2026-08-27T03:00:00+00:00,26349.34,26365.32,26343.31,26349.32,2523
2026-08-27T04:00:00+00:00,26349.32,26357.83,26332.06,26349.81,2247
2026-08-27T05:00:00+00:00,26349.81,26382.81,26334.81,26374.81,2804
2026-08-27T06:00:00+00:00,26374.81,26392.33,26338.81,26380.82,4138
2026-08-27T07:00:00+00:00,26380.82,26380.82,26289.66,26326.68,15957
2026-08-27T08:00:00+00:00,26326.68,26385.67,26309.66,26312.16,11501
2026-08-27T09:00:00+00:00,26312.16,26373.68,26304.66,26350.66,9073
2026-08-27T10:00:00+00:00,26350.66,26373.67,26321.67,26350.67,8532
2026-08-27T11:00:00+00:00,26350.67,26399.68,26335.16,26398.67,8635
2026-08-27T12:00:00+00:00,26398.67,26402.67,26341.17,26348.67,6692
2026-08-27T13:00:00+00:00,26348.67,26376.16,26295.67,26320.16,13526
2026-08-27T14:00:00+00:00,26320.16,26332.68,26238.66,26327.17,15032
2026-08-27T15:00:00+00:00,26327.17,26385.18,26323.18,26379.19,8586
2026-08-27T16:00:00+00:00,26379.19,26391.850000000002,26369.83,26386.84,3275
2026-08-27T17:00:00+00:00,26386.84,26388.350000000002,26355.350000000002,26357.83,2405
2026-08-27T18:00:00+00:00,26357.83,26370.84,26340.83,26370.84,4207
2026-08-27T19:00:00+00:00,26370.84,26400.58,26367.84,26398.600000000002,3127
2026-08-28T00:00:00+00:00,26398.600000000002,26438.58,26398.600000000002,26428.59,1401
2026-08-28T01:00:00+00:00,26428.59,26453.100000000002,26425.33,26452.600000000002,3402
2026-08-28T02:00:00+00:00,26452.600000000002,26482.07,26447.07,26454.07,2150
2026-08-28T03:00:00+00:00,26454.07,26477.08,26449.83,26469.82,2209
2026-08-28T04:00:00+00:00,26469.82,26473.58,26452.81,26458.06,1640
2026-08-28T05:00:00+00:00,26458.06,26461.08,26430.08,26434.07,1921
2026-08-28T06:00:00+00:00,26434.07,26500.07,26432.08,26496.56,4885
2026-08-28T07:00:00+00:00,26496.56,26553.91,26471.42,26503.42,16339
2026-08-28T08:00:00+00:00,26503.42,26556.42,26498.91,26521.41,10051
2026-08-28T09:00:00+00:00,26521.41,26555.42,26521.41,26540.43,7195
2026-08-28T10:00:00+00:00,26540.43,26544.91,26484.42,26497.42,6387
2026-08-28T11:00:00+00:00,26497.42,26532.43,26488.42,26501.41,6663
2026-08-28T12:00:00+00:00,26501.41,26549.91,26490.41,26523.41,7104
2026-08-28T13:00:00+00:00,26523.41,26552.43,26485.92,26495.41,11308
2026-08-28T14:00:00+00:00,26495.41,26625.43,26489.43,26606.42,16474
2026-08-28T15:00:00+00:00,26606.42,26614.41,26545.41,26546.42,11473
2026-08-28T16:00:00+00:00,26546.42,26560.56,26515.57,26537.08,11823
2026-08-28T17:00:00+00:00,26537.08,26537.08,26518.56,26529.08,7609
2026-08-28T18:00:00+00:00,26529.08,26539.06,26521.06,26531.06,4960
2026-08-28T19:00:00+00:00,26531.06,26564.07,26529.06,26559.32,5694
2026-08-31T00:00:00+00:00,26559.32,26559.32,26491.52,26492.54,2903
2026-08-31T01:00:00+00:00,26492.54,26508.79,26473.27,26478.78,10590
2026-08-31T02:00:00+00:00,26478.78,26480.28,26453.52,26478.77,6019
2026-08-31T03:00:00+00:00,26478.77,26490.27,26476.77,26483.27,2770
2026-08-31T04:00:00+00:00,26483.27,26513.77,26476.28,26509.77,1821
2026-08-31T05:00:00+00:00,26509.77,26550.79,26503.53,26520.78,2867
2026-08-31T06:00:00+00:00,26520.78,26536.79,26489.77,26494.27,3789
2026-08-31T07:00:00+00:00,26494.27,26494.27,26375.12,26391.63,12856
2026-08-31T08:00:00+00:00,26391.63,26429.62,26374.12,26426.14,8020
2026-08-31T09:00:00+00:00,26426.14,26427.63,26377.12,26380.64,6055
2026-08-31T10:00:00+00:00,26380.64,26382.62,26338.12,26376.14,5736
2026-08-31T11:00:00+00:00,26376.14,26405.14,26374.12,26401.13,4068
2026-08-31T12:00:00+00:00,26401.13,26423.14,26350.13,26368.64,8299
2026-08-31T13:00:00+00:00,26368.64,26398.64,26323.63,26360.14,8749
2026-08-31T14:00:00+00:00,26360.14,26372.63,26297.12,26310.12,9903
2026-08-31T15:00:00+00:00,26310.12,26326.64,26236.12,26240.14,9966
2026-08-31T16:00:00+00:00,26240.14,26245.77,26215.79,26219.78,3756
2026-08-31T17:00:00+00:00,26219.78,26220.79,26181.77,26210.78,2781
2026-08-31T18:00:00+00:00,26210.78,26213.79,26184.79,26196.77,2722
2026-08-31T19:00:00+00:00,26196.77,26227.28,26192.28,26203.54,3235
2026-09-01T00:00:00+00:00,26203.54,26250.87,26203.54,26244.88,1345
2026-09-01T01:00:00+00:00,26244.88,26248.39,26219.89,26235.89,3495
2026-09-01T02:00:00+00:00,26235.89,26243.37,26211.63,26229.87,2561
2026-09-01T03:00:00+00:00,26229.87,26231.89,26217.62,26223.63,1852
2026-09-01T04:00:00+00:00,26223.63,26230.39,26216.87,26218.39,1304
2026-09-01T05:00:00+00:00,26218.39,26236.87,26195.87,26227.39,1880
2026-09-01T06:00:00+00:00,26227.39,26238.89,26128.88,26147.88,5700
2026-09-01T07:00:00+00:00,26147.88,26206.24,26120.23,26183.22,19636
2026-09-01T08:00:00+00:00,26183.22,26198.73,25967.22,25971.72,20868
2026-09-01T09:00:00+00:00,25971.72,25996.72,25926.22,25958.74,15886
2026-09-01T10:00:00+00:00,25958.74,26039.74,25957.73,25969.22,11342
2026-09-01T11:00:00+00:00,25969.22,26036.74,25946.22,26005.24,9127
2026-09-01T12:00:00+00:00,26005.24,26046.22,25991.23,26040.22,10580
2026-09-01T13:00:00+00:00,26040.22,26050.24,25972.23,25997.24,15695
2026-09-01T14:00:00+00:00,25997.24,26006.22,25926.74,25929.24,13741
2026-09-01T15:00:00+00:00,25929.24,25988.23,25922.22,25980.23,10158
2026-09-01T16:00:00+00:00,25980.23,25984.39,25897.87,25915.87,8381
2026-09-01T17:00:00+00:00,25915.87,25915.89,25871.38,25888.87,6828
2026-09-01T18:00:00+00:00,25888.87,25891.89,25807.37,25839.37,5711
2026-09-01T19:00:00+00:00,25839.37,25857.89,25826.12,25826.12,5949
2026-09-02T00:00:00+00:00,25826.12,25842.27,25808.28,25808.28,2508
2026-09-02T01:00:00+00:00,25808.28,25844.78,25800.27,25827.77,7857
2026-09-02T02:00:00+00:00,25827.77,25835.26,25810.28,25822.78,3979
2026-09-02T03:00:00+00:00,25822.78,25829.28,25800.51,25804.52,3391
2026-09-02T04:00:00+00:00,25804.52,25821.27,25798.77,25818.78,3039
2026-09-02T05:00:00+00:00,25818.78,25854.77,25806.27,25839.28,4104
2026-09-02T06:00:00+00:00,25839.28,25887.78,25823.26,25882.77,7953
2026-09-02T07:00:00+00:00,25882.77,25930.13,25846.61,25861.12,18746
2026-09-02T08:00:00+00:00,25861.12,25893.13,25810.63,25817.12,15835
2026-09-02T09:00:00+00:00,25817.12,25850.13,25754.62,25798.13,12854
2026-09-02T10:00:00+00:00,25798.13,25803.11,25730.12,25759.13,9340
2026-09-02T11:00:00+00:00,25759.13,25871.62,25739.12,25871.11,11422
2026-09-02T12:00:00+00:00,25871.11,25903.11,25840.62,25841.61,11103
2026-09-02T13:00:00+00:00,25841.61,25908.12,25825.11,25890.61,12216
2026-09-02T14:00:00+00:00,25890.61,25904.11,25829.11,25842.13,10955
2026-09-02T15:00:00+00:00,25842.13,25867.12,25814.12,25829.11,8595
2026-09-02T16:00:00+00:00,25829.11,25842.78,25819.77,25834.78,4025
2026-09-02T17:00:00+00:00,25834.78,25855.26,25825.76,25851.26,4568
2026-09-02T18:00:00+00:00,25851.26,25872.77,25827.77,25829.26,3914
2026-09-02T19:00:00+00:00,25829.26,25868.27,25824.78,25858.03,3675
2026-09-03T00:00:00+00:00,25858.53,25858.53,25834.49,25843.47,1326
2026-09-03T01:00:00+00:00,25843.47,25869.48,25836.48,25851.99,4912
2026-09-03T02:00:00+00:00,25851.99,25885.97,25851.97,25865.99,3267
2026-09-03T03:00:00+00:00,25865.99,25873.98,25861.48,25863.99,2111
2026-09-03T04:00:00+00:00,25863.99,25874.49,25859.97,25867.23,1654
2026-09-03T05:00:00+00:00,25867.23,25891.99,25802.97,25890.98,7353
2026-09-03T06:00:00+00:00,25890.98,25905.99,25849.49,25855.99,6349
2026-09-03T07:00:00+00:00,25855.99,25892.83,25805.34,25842.84,17615
2026-09-03T08:00:00+00:00,25842.84,25936.83,25834.83,25895.82,14141
2026-09-03T09:00:00+00:00,25895.82,25915.84,25809.82,25809.82,9993
2026-09-03T10:00:00+00:00,25809.82,25834.82,25784.34,25817.83,9417
2026-09-03T11:00:00+00:00,25817.83,25873.82,25817.33,25839.82,9727
2026-09-03T12:00:00+00:00,25839.82,25963.33,25827.83,25950.82,10404
2026-09-03T13:00:00+00:00,25950.82,26001.83,25944.32,26000.32,13167
2026-09-03T14:00:00+00:00,26000.32,26000.32,25914.34,25966.34,12246
2026-09-03T15:00:00+00:00,25966.34,26019.83,25960.84,26008.84,9235
2026-09-03T16:00:00+00:00,26008.84,26016.99,25992.49,26011.48,3786
2026-09-03T17:00:00+00:00,26011.48,26028.48,25998.48,26028.48,2711
2026-09-03T18:00:00+00:00,26028.48,26039.99,26022.47,26024.99,2291
2026-09-03T19:00:00+00:00,26024.99,26045.49,26019.47,26042.72,2909
2026-09-04T00:00:00+00:00,26042.72,26042.72,26018.49,26025.74,1349
2026-09-04T01:00:00+00:00,26025.74,26039.76,26015.24,26038.76,3732
2026-09-04T02:00:00+00:00,26038.76,26055.26,26035.74,26050.49,2267
2026-09-04T03:00:00+00:00,26050.49,26054.75,26038.74,26040.74,1331
2026-09-04T04:00:00+00:00,26040.74,26062.76,26033.74,26061.25,1504
2026-09-04T05:00:00+00:00,26061.25,26076.76,26054.75,26063.25,2286
2026-09-04T06:00:00+00:00,26063.25,26082.74,26001.76,26007.75,4078
2026-09-04T07:00:00+00:00,26007.75,26086.1,25956.59,26051.1,15841
2026-09-04T08:00:00+00:00,26051.1,26068.11,25982.1,26014.11,9678
2026-09-04T09:00:00+00:00,26014.11,26032.59,25976.09,26014.11,8182
2026-09-04T10:00:00+00:00,26014.11,26092.1,26009.59,26082.59,6831
2026-09-04T11:00:00+00:00,26082.59,26115.11,26058.11,26105.1,5475
2026-09-04T12:00:00+00:00,26105.1,26164.11,26023.5,26128.1,14290
2026-09-04T13:00:00+00:00,26128.1,26156.11,26068.1,26116.1,14365
2026-09-04T14:00:00+00:00,26116.1,26133.11,26021.09,26033.1,10894
2026-09-04T15:00:00+00:00,26033.1,26074.61,26012.09,26069.11,8202
2026-09-04T16:00:00+00:00,26069.11,26092.75,26060.49,26075.76,3136
2026-09-04T17:00:00+00:00,26075.76,26077.25,26032.24,26041.76,3836
2026-09-04T18:00:00+00:00,26041.76,26054.75,26041.24,26049.74,2775
2026-09-04T19:00:00+00:00,26049.74,26062.24,26030.24,26061.49,3238
2026-09-07T00:00:00+00:00,26062.01,26062.01,26021.01,26025.51,1355
2026-09-07T01:00:00+00:00,26025.51,26044.53,26019.26,26023.03,3076
2026-09-07T02:00:00+00:00,26023.03,26033.03,26015.01,26017.02,1474
2026-09-07T03:00:00+00:00,26017.02,26032.53,26013.53,26020.51,2601
2026-09-07T04:00:00+00:00,26020.51,26021.53,25999.01,26013.03,1630
2026-09-07T05:00:00+00:00,26013.03,26026.53,25992.02,25999.01,1925
2026-09-07T06:00:00+00:00,25999.01,26019.01,25969.51,26002.52,4309
2026-09-07T07:00:00+00:00,26002.52,26072.88,25930.86,25990.88,17494
2026-09-07T08:00:00+00:00,25990.88,26006.88,25956.86,25986.86,11433
2026-09-07T09:00:00+00:00,25986.86,25994.88,25952.86,25968.87,7635
2026-09-07T10:00:00+00:00,25968.87,25981.88,25938.86,25956.88,8302
2026-09-07T11:00:00+00:00,25956.88,25966.87,25930.37,25933.88,7259
2026-09-07T12:00:00+00:00,25933.88,25987.87,25923.86,25967.37,6919
2026-09-07T13:00:00+00:00,25967.37,26010.87,25954.86,26005.87,8779
2026-09-07T14:00:00+00:00,26005.87,26009.38,25979.86,25979.87,7381
2026-09-07T15:00:00+00:00,25979.87,26024.87,25973.87,26000.86,6616
2026-09-07T16:00:00+00:00,26000.86,26009.53,25997.51,26006.03,1859
2026-09-07T17:00:00+00:00,26006.03,26011.53,26005.51,26007.02,409
2026-09-07T18:00:00+00:00,26007.02,26009.51,25999.02,25999.51,179
2026-09-07T19:00:00+00:00,25999.51,26009.01,25997.78,25997.78,517
2026-09-08T00:00:00+00:00,25997.78,26024.75,25997.78,26015.24,1430
2026-09-08T01:00:00+00:00,26015.24,26045.73,25998.24,26043.73,3569
2026-09-08T02:00:00+00:00,26043.73,26044.74,26006.23,26006.73,2417
2026-09-08T03:00:00+00:00,26006.73,26028.75,25999.73,26026.74,1988
2026-09-08T04:00:00+00:00,26026.74,26027.24,25995.73,25996.74,1896
2026-09-08T05:00:00+00:00,25996.74,25997.25,25931.73,25932.24,4785
2026-09-08T06:00:00+00:00,25932.24,25938.25,25895.23,25913.25,8782
2026-09-08T07:00:00+00:00,25913.25,25986.6,25847.58,25867.58,20786
2026-09-08T08:00:00+00:00,25867.58,25876.6,25799.09,25839.09,20894
2026-09-08T09:00:00+00:00,25839.09,25940.59,25827.08,25935.6,12209
2026-09-08T10:00:00+00:00,25935.6,25986.08,25914.58,25954.6,9045
2026-09-08T11:00:00+00:00,25954.6,25993.6,25942.58,25990.59,8017
2026-09-08T12:00:00+00:00,25990.59,26031.6,25961.58,26010.59,9560
2026-09-08T13:00:00+00:00,26010.59,26031.08,25953.59,25971.09,14288
2026-09-08T14:00:00+00:00,25971.09,25993.6,25906.6,25991.59,12311
2026-09-08T15:00:00+00:00,25991.59,26018.09,25976.58,25980.59,8935
2026-09-08T16:00:00+00:00,25980.59,25984.23,25934.75,25950.23,5811
2026-09-08T17:00:00+00:00,25950.23,25968.25,25943.74,25949.74,4424
2026-09-08T18:00:00+00:00,25949.74,25965.75,25905.73,25920.75,5867
2026-09-08T19:00:00+00:00,25920.75,25922.75,25861.74,25876,6763
2026-09-09T00:00:00+00:00,25876,25882.77,25854.51,25879.77,1181
2026-09-09T01:00:00+00:00,25879.77,25885.77,25863.76,25867.26,2515
2026-09-09T02:00:00+00:00,25867.26,25873.26,25865.25,25873.26,98
